date,athlete,load
01/01/2018,Athlete 01,213
01/01/2018,Athlete 02,353
01/01/2018,Athlete 03,388
01/01/2018,Athlete 04,235
01/01/2018,Athlete 05,488
01/01/2018,Athlete 06,207
01/01/2018,Athlete 07,252
01/01/2018,Athlete 08,424
01/01/2018,Athlete 09,473
01/01/2018,Athlete 10,313
01/01/2018,Athlete 11,220
01/01/2018,Athlete 12,224
01/01/2018,Athlete 13,454
01/01/2018,Athlete 14,239
01/01/2018,Athlete 15,237
01/01/2018,Athlete 16,460
01/01/2018,Athlete 17,450
01/01/2018,Athlete 18,270
01/01/2018,Athlete 19,483
01/01/2018,Athlete 20,389
02/01/2018,Athlete 01,342
02/01/2018,Athlete 02,335
02/01/2018,Athlete 03,256
02/01/2018,Athlete 04,181
02/01/2018,Athlete 05,202
02/01/2018,Athlete 06,210
02/01/2018,Athlete 07,369
02/01/2018,Athlete 08,270
02/01/2018,Athlete 09,237
02/01/2018,Athlete 10,247
02/01/2018,Athlete 11,494
02/01/2018,Athlete 12,279
02/01/2018,Athlete 13,292
02/01/2018,Athlete 14,451
02/01/2018,Athlete 15,347
02/01/2018,Athlete 16,204
02/01/2018,Athlete 17,351
02/01/2018,Athlete 18,226
02/01/2018,Athlete 19,181
02/01/2018,Athlete 20,302
03/01/2018,Athlete 01,374
03/01/2018,Athlete 02,271
03/01/2018,Athlete 03,331
03/01/2018,Athlete 04,296
03/01/2018,Athlete 05,198
03/01/2018,Athlete 06,183
03/01/2018,Athlete 07,458
03/01/2018,Athlete 08,329
03/01/2018,Athlete 09,378
03/01/2018,Athlete 10,197
03/01/2018,Athlete 11,305
03/01/2018,Athlete 12,202
03/01/2018,Athlete 13,467
03/01/2018,Athlete 14,495
03/01/2018,Athlete 15,218
03/01/2018,Athlete 16,466
03/01/2018,Athlete 17,229
03/01/2018,Athlete 18,248
03/01/2018,Athlete 19,249
03/01/2018,Athlete 20,500
04/01/2018,Athlete 01,325
04/01/2018,Athlete 02,260
04/01/2018,Athlete 03,351
04/01/2018,Athlete 04,327
04/01/2018,Athlete 05,296
04/01/2018,Athlete 06,241
04/01/2018,Athlete 07,327
04/01/2018,Athlete 08,195
04/01/2018,Athlete 09,372
04/01/2018,Athlete 10,435
04/01/2018,Athlete 11,414
04/01/2018,Athlete 12,443
04/01/2018,Athlete 13,422
04/01/2018,Athlete 14,377
04/01/2018,Athlete 15,492
04/01/2018,Athlete 16,237
04/01/2018,Athlete 17,190
04/01/2018,Athlete 18,286
04/01/2018,Athlete 19,394
04/01/2018,Athlete 20,219
05/01/2018,Athlete 01,418
05/01/2018,Athlete 02,312
05/01/2018,Athlete 03,465
05/01/2018,Athlete 04,433
05/01/2018,Athlete 05,249
05/01/2018,Athlete 06,253
05/01/2018,Athlete 07,186
05/01/2018,Athlete 08,345
05/01/2018,Athlete 09,209
05/01/2018,Athlete 10,234
05/01/2018,Athlete 11,232
05/01/2018,Athlete 12,361
05/01/2018,Athlete 13,265
05/01/2018,Athlete 14,352
05/01/2018,Athlete 15,387
05/01/2018,Athlete 16,456
05/01/2018,Athlete 17,473
05/01/2018,Athlete 18,306
05/01/2018,Athlete 19,238
05/01/2018,Athlete 20,341
06/01/2018,Athlete 01,392
06/01/2018,Athlete 02,265
06/01/2018,Athlete 03,231
06/01/2018,Athlete 04,414
06/01/2018,Athlete 05,204
06/01/2018,Athlete 06,480
06/01/2018,Athlete 07,216
06/01/2018,Athlete 08,358
06/01/2018,Athlete 09,391
06/01/2018,Athlete 10,341
06/01/2018,Athlete 11,308
06/01/2018,Athlete 12,484
06/01/2018,Athlete 13,403
06/01/2018,Athlete 14,463
06/01/2018,Athlete 15,279
06/01/2018,Athlete 16,319
06/01/2018,Athlete 17,380
06/01/2018,Athlete 18,479
06/01/2018,Athlete 19,350
06/01/2018,Athlete 20,335
07/01/2018,Athlete 01,357
07/01/2018,Athlete 02,249
07/01/2018,Athlete 03,487
07/01/2018,Athlete 04,202
07/01/2018,Athlete 05,213
07/01/2018,Athlete 06,401
07/01/2018,Athlete 07,384
07/01/2018,Athlete 08,451
07/01/2018,Athlete 09,459
07/01/2018,Athlete 10,401
07/01/2018,Athlete 11,302
07/01/2018,Athlete 12,257
07/01/2018,Athlete 13,192
07/01/2018,Athlete 14,469
07/01/2018,Athlete 15,361
07/01/2018,Athlete 16,282
07/01/2018,Athlete 17,388
07/01/2018,Athlete 18,217
07/01/2018,Athlete 19,383
07/01/2018,Athlete 20,476
08/01/2018,Athlete 01,228
08/01/2018,Athlete 02,226
08/01/2018,Athlete 03,411
08/01/2018,Athlete 04,206
08/01/2018,Athlete 05,428
08/01/2018,Athlete 06,408
08/01/2018,Athlete 07,363
08/01/2018,Athlete 08,251
08/01/2018,Athlete 09,455
08/01/2018,Athlete 10,329
08/01/2018,Athlete 11,482
08/01/2018,Athlete 12,483
08/01/2018,Athlete 13,400
08/01/2018,Athlete 14,399
08/01/2018,Athlete 15,459
08/01/2018,Athlete 16,428
08/01/2018,Athlete 17,391
08/01/2018,Athlete 18,360
08/01/2018,Athlete 19,477
08/01/2018,Athlete 20,494
09/01/2018,Athlete 01,251
09/01/2018,Athlete 02,272
09/01/2018,Athlete 03,416
09/01/2018,Athlete 04,189
09/01/2018,Athlete 05,251
09/01/2018,Athlete 06,293
09/01/2018,Athlete 07,344
09/01/2018,Athlete 08,249
09/01/2018,Athlete 09,203
09/01/2018,Athlete 10,335
09/01/2018,Athlete 11,371
09/01/2018,Athlete 12,308
09/01/2018,Athlete 13,497
09/01/2018,Athlete 14,343
09/01/2018,Athlete 15,206
09/01/2018,Athlete 16,382
09/01/2018,Athlete 17,196
09/01/2018,Athlete 18,392
09/01/2018,Athlete 19,193
09/01/2018,Athlete 20,442
10/01/2018,Athlete 01,254
10/01/2018,Athlete 02,343
10/01/2018,Athlete 03,276
10/01/2018,Athlete 04,238
10/01/2018,Athlete 05,469
10/01/2018,Athlete 06,189
10/01/2018,Athlete 07,347
10/01/2018,Athlete 08,281
10/01/2018,Athlete 09,221
10/01/2018,Athlete 10,456
10/01/2018,Athlete 11,446
10/01/2018,Athlete 12,209
10/01/2018,Athlete 13,218
10/01/2018,Athlete 14,334
10/01/2018,Athlete 15,487
10/01/2018,Athlete 16,457
10/01/2018,Athlete 17,476
10/01/2018,Athlete 18,292
10/01/2018,Athlete 19,372
10/01/2018,Athlete 20,290
11/01/2018,Athlete 01,469
11/01/2018,Athlete 02,427
11/01/2018,Athlete 03,184
11/01/2018,Athlete 04,377
11/01/2018,Athlete 05,402
11/01/2018,Athlete 06,444
11/01/2018,Athlete 07,494
11/01/2018,Athlete 08,339
11/01/2018,Athlete 09,367
11/01/2018,Athlete 10,212
11/01/2018,Athlete 11,237
11/01/2018,Athlete 12,399
11/01/2018,Athlete 13,233
11/01/2018,Athlete 14,432
11/01/2018,Athlete 15,240
11/01/2018,Athlete 16,231
11/01/2018,Athlete 17,446
11/01/2018,Athlete 18,266
11/01/2018,Athlete 19,275
11/01/2018,Athlete 20,185
12/01/2018,Athlete 01,477
12/01/2018,Athlete 02,428
12/01/2018,Athlete 03,425
12/01/2018,Athlete 04,322
12/01/2018,Athlete 05,486
12/01/2018,Athlete 06,497
12/01/2018,Athlete 07,382
12/01/2018,Athlete 08,358
12/01/2018,Athlete 09,500
12/01/2018,Athlete 10,367
12/01/2018,Athlete 11,190
12/01/2018,Athlete 12,214
12/01/2018,Athlete 13,350
12/01/2018,Athlete 14,421
12/01/2018,Athlete 15,185
12/01/2018,Athlete 16,418
12/01/2018,Athlete 17,262
12/01/2018,Athlete 18,394
12/01/2018,Athlete 19,278
12/01/2018,Athlete 20,444
13/01/2018,Athlete 01,288
13/01/2018,Athlete 02,473
13/01/2018,Athlete 03,364
13/01/2018,Athlete 04,280
13/01/2018,Athlete 05,234
13/01/2018,Athlete 06,184
13/01/2018,Athlete 07,335
13/01/2018,Athlete 08,180
13/01/2018,Athlete 09,405
13/01/2018,Athlete 10,429
13/01/2018,Athlete 11,383
13/01/2018,Athlete 12,206
13/01/2018,Athlete 13,291
13/01/2018,Athlete 14,437
13/01/2018,Athlete 15,332
13/01/2018,Athlete 16,252
13/01/2018,Athlete 17,440
13/01/2018,Athlete 18,280
13/01/2018,Athlete 19,250
13/01/2018,Athlete 20,281
14/01/2018,Athlete 01,456
14/01/2018,Athlete 02,399
14/01/2018,Athlete 03,441
14/01/2018,Athlete 04,349
14/01/2018,Athlete 05,343
14/01/2018,Athlete 06,306
14/01/2018,Athlete 07,267
14/01/2018,Athlete 08,239
14/01/2018,Athlete 09,389
14/01/2018,Athlete 10,185
14/01/2018,Athlete 11,486
14/01/2018,Athlete 12,266
14/01/2018,Athlete 13,474
14/01/2018,Athlete 14,184
14/01/2018,Athlete 15,220
14/01/2018,Athlete 16,344
14/01/2018,Athlete 17,388
14/01/2018,Athlete 18,323
14/01/2018,Athlete 19,380
14/01/2018,Athlete 20,335
15/01/2018,Athlete 01,327
15/01/2018,Athlete 02,407
15/01/2018,Athlete 03,291
15/01/2018,Athlete 04,284
15/01/2018,Athlete 05,289
15/01/2018,Athlete 06,309
15/01/2018,Athlete 07,247
15/01/2018,Athlete 08,287
15/01/2018,Athlete 09,447
15/01/2018,Athlete 10,345
15/01/2018,Athlete 11,306
15/01/2018,Athlete 12,222
15/01/2018,Athlete 13,397
15/01/2018,Athlete 14,390
15/01/2018,Athlete 15,477
15/01/2018,Athlete 16,458
15/01/2018,Athlete 17,401
15/01/2018,Athlete 18,267
15/01/2018,Athlete 19,398
15/01/2018,Athlete 20,180
16/01/2018,Athlete 01,406
16/01/2018,Athlete 02,443
16/01/2018,Athlete 03,278
16/01/2018,Athlete 04,282
16/01/2018,Athlete 05,414
16/01/2018,Athlete 06,205
16/01/2018,Athlete 07,278
16/01/2018,Athlete 08,409
16/01/2018,Athlete 09,246
16/01/2018,Athlete 10,497
16/01/2018,Athlete 11,460
16/01/2018,Athlete 12,267
16/01/2018,Athlete 13,229
16/01/2018,Athlete 14,203
16/01/2018,Athlete 15,366
16/01/2018,Athlete 16,455
16/01/2018,Athlete 17,448
16/01/2018,Athlete 18,455
16/01/2018,Athlete 19,260
16/01/2018,Athlete 20,246
17/01/2018,Athlete 01,218
17/01/2018,Athlete 02,346
17/01/2018,Athlete 03,466
17/01/2018,Athlete 04,471
17/01/2018,Athlete 05,499
17/01/2018,Athlete 06,269
17/01/2018,Athlete 07,324
17/01/2018,Athlete 08,381
17/01/2018,Athlete 09,452
17/01/2018,Athlete 10,259
17/01/2018,Athlete 11,412
17/01/2018,Athlete 12,273
17/01/2018,Athlete 13,270
17/01/2018,Athlete 14,325
17/01/2018,Athlete 15,242
17/01/2018,Athlete 16,420
17/01/2018,Athlete 17,473
17/01/2018,Athlete 18,218
17/01/2018,Athlete 19,463
17/01/2018,Athlete 20,428
18/01/2018,Athlete 01,335
18/01/2018,Athlete 02,441
18/01/2018,Athlete 03,311
18/01/2018,Athlete 04,389
18/01/2018,Athlete 05,416
18/01/2018,Athlete 06,227
18/01/2018,Athlete 07,384
18/01/2018,Athlete 08,486
18/01/2018,Athlete 09,442
18/01/2018,Athlete 10,350
18/01/2018,Athlete 11,300
18/01/2018,Athlete 12,370
18/01/2018,Athlete 13,310
18/01/2018,Athlete 14,491
18/01/2018,Athlete 15,309
18/01/2018,Athlete 16,330
18/01/2018,Athlete 17,366
18/01/2018,Athlete 18,424
18/01/2018,Athlete 19,454
18/01/2018,Athlete 20,495
19/01/2018,Athlete 01,453
19/01/2018,Athlete 02,382
19/01/2018,Athlete 03,223
19/01/2018,Athlete 04,421
19/01/2018,Athlete 05,416
19/01/2018,Athlete 06,246
19/01/2018,Athlete 07,353
19/01/2018,Athlete 08,343
19/01/2018,Athlete 09,431
19/01/2018,Athlete 10,442
19/01/2018,Athlete 11,301
19/01/2018,Athlete 12,377
19/01/2018,Athlete 13,436
19/01/2018,Athlete 14,327
19/01/2018,Athlete 15,386
19/01/2018,Athlete 16,369
19/01/2018,Athlete 17,374
19/01/2018,Athlete 18,437
19/01/2018,Athlete 19,375
19/01/2018,Athlete 20,184
20/01/2018,Athlete 01,322
20/01/2018,Athlete 02,269
20/01/2018,Athlete 03,322
20/01/2018,Athlete 04,387
20/01/2018,Athlete 05,235
20/01/2018,Athlete 06,372
20/01/2018,Athlete 07,366
20/01/2018,Athlete 08,333
20/01/2018,Athlete 09,489
20/01/2018,Athlete 10,311
20/01/2018,Athlete 11,241
20/01/2018,Athlete 12,189
20/01/2018,Athlete 13,410
20/01/2018,Athlete 14,238
20/01/2018,Athlete 15,299
20/01/2018,Athlete 16,271
20/01/2018,Athlete 17,453
20/01/2018,Athlete 18,274
20/01/2018,Athlete 19,194
20/01/2018,Athlete 20,278
21/01/2018,Athlete 01,303
21/01/2018,Athlete 02,391
21/01/2018,Athlete 03,439
21/01/2018,Athlete 04,422
21/01/2018,Athlete 05,401
21/01/2018,Athlete 06,238
21/01/2018,Athlete 07,242
21/01/2018,Athlete 08,284
21/01/2018,Athlete 09,445
21/01/2018,Athlete 10,333
21/01/2018,Athlete 11,266
21/01/2018,Athlete 12,372
21/01/2018,Athlete 13,437
21/01/2018,Athlete 14,405
21/01/2018,Athlete 15,466
21/01/2018,Athlete 16,267
21/01/2018,Athlete 17,302
21/01/2018,Athlete 18,257
21/01/2018,Athlete 19,237
21/01/2018,Athlete 20,264
22/01/2018,Athlete 01,214
22/01/2018,Athlete 02,340
22/01/2018,Athlete 03,225
22/01/2018,Athlete 04,445
22/01/2018,Athlete 05,227
22/01/2018,Athlete 06,205
22/01/2018,Athlete 07,279
22/01/2018,Athlete 08,383
22/01/2018,Athlete 09,454
22/01/2018,Athlete 10,189
22/01/2018,Athlete 11,263
22/01/2018,Athlete 12,434
22/01/2018,Athlete 13,370
22/01/2018,Athlete 14,485
22/01/2018,Athlete 15,436
22/01/2018,Athlete 16,263
22/01/2018,Athlete 17,186
22/01/2018,Athlete 18,353
22/01/2018,Athlete 19,233
22/01/2018,Athlete 20,290
23/01/2018,Athlete 01,221
23/01/2018,Athlete 02,396
23/01/2018,Athlete 03,378
23/01/2018,Athlete 04,500
23/01/2018,Athlete 05,382
23/01/2018,Athlete 06,387
23/01/2018,Athlete 07,459
23/01/2018,Athlete 08,240
23/01/2018,Athlete 09,397
23/01/2018,Athlete 10,184
23/01/2018,Athlete 11,303
23/01/2018,Athlete 12,302
23/01/2018,Athlete 13,270
23/01/2018,Athlete 14,483
23/01/2018,Athlete 15,447
23/01/2018,Athlete 16,418
23/01/2018,Athlete 17,253
23/01/2018,Athlete 18,206
23/01/2018,Athlete 19,322
23/01/2018,Athlete 20,482
24/01/2018,Athlete 01,381
24/01/2018,Athlete 02,347
24/01/2018,Athlete 03,405
24/01/2018,Athlete 04,317
24/01/2018,Athlete 05,359
24/01/2018,Athlete 06,335
24/01/2018,Athlete 07,234
24/01/2018,Athlete 08,233
24/01/2018,Athlete 09,347
24/01/2018,Athlete 10,311
24/01/2018,Athlete 11,419
24/01/2018,Athlete 12,390
24/01/2018,Athlete 13,489
24/01/2018,Athlete 14,195
24/01/2018,Athlete 15,407
24/01/2018,Athlete 16,464
24/01/2018,Athlete 17,267
24/01/2018,Athlete 18,391
24/01/2018,Athlete 19,340
24/01/2018,Athlete 20,381
25/01/2018,Athlete 01,263
25/01/2018,Athlete 02,221
25/01/2018,Athlete 03,299
25/01/2018,Athlete 04,258
25/01/2018,Athlete 05,377
25/01/2018,Athlete 06,441
25/01/2018,Athlete 07,446
25/01/2018,Athlete 08,247
25/01/2018,Athlete 09,335
25/01/2018,Athlete 10,410
25/01/2018,Athlete 11,259
25/01/2018,Athlete 12,197
25/01/2018,Athlete 13,409
25/01/2018,Athlete 14,233
25/01/2018,Athlete 15,464
25/01/2018,Athlete 16,392
25/01/2018,Athlete 17,443
25/01/2018,Athlete 18,468
25/01/2018,Athlete 19,341
25/01/2018,Athlete 20,282
26/01/2018,Athlete 01,449
26/01/2018,Athlete 02,357
26/01/2018,Athlete 03,378
26/01/2018,Athlete 04,446
26/01/2018,Athlete 05,253
26/01/2018,Athlete 06,326
26/01/2018,Athlete 07,333
26/01/2018,Athlete 08,333
26/01/2018,Athlete 09,417
26/01/2018,Athlete 10,372
26/01/2018,Athlete 11,182
26/01/2018,Athlete 12,384
26/01/2018,Athlete 13,499
26/01/2018,Athlete 14,382
26/01/2018,Athlete 15,422
26/01/2018,Athlete 16,344
26/01/2018,Athlete 17,348
26/01/2018,Athlete 18,308
26/01/2018,Athlete 19,333
26/01/2018,Athlete 20,384
27/01/2018,Athlete 01,281
27/01/2018,Athlete 02,281
27/01/2018,Athlete 03,361
27/01/2018,Athlete 04,231
27/01/2018,Athlete 05,348
27/01/2018,Athlete 06,196
27/01/2018,Athlete 07,350
27/01/2018,Athlete 08,333
27/01/2018,Athlete 09,364
27/01/2018,Athlete 10,299
27/01/2018,Athlete 11,472
27/01/2018,Athlete 12,272
27/01/2018,Athlete 13,272
27/01/2018,Athlete 14,214
27/01/2018,Athlete 15,376
27/01/2018,Athlete 16,362
27/01/2018,Athlete 17,442
27/01/2018,Athlete 18,407
27/01/2018,Athlete 19,435
27/01/2018,Athlete 20,261
28/01/2018,Athlete 01,299
28/01/2018,Athlete 02,395
28/01/2018,Athlete 03,199
28/01/2018,Athlete 04,313
28/01/2018,Athlete 05,222
28/01/2018,Athlete 06,202
28/01/2018,Athlete 07,489
28/01/2018,Athlete 08,220
28/01/2018,Athlete 09,485
28/01/2018,Athlete 10,456
28/01/2018,Athlete 11,416
28/01/2018,Athlete 12,196
28/01/2018,Athlete 13,487
28/01/2018,Athlete 14,428
28/01/2018,Athlete 15,305
28/01/2018,Athlete 16,211
28/01/2018,Athlete 17,405
28/01/2018,Athlete 18,245
28/01/2018,Athlete 19,286
28/01/2018,Athlete 20,359
29/01/2018,Athlete 01,210
29/01/2018,Athlete 02,347
29/01/2018,Athlete 03,321
29/01/2018,Athlete 04,349
29/01/2018,Athlete 05,441
29/01/2018,Athlete 06,196
29/01/2018,Athlete 07,254
29/01/2018,Athlete 08,262
29/01/2018,Athlete 09,270
29/01/2018,Athlete 10,455
29/01/2018,Athlete 11,475
29/01/2018,Athlete 12,281
29/01/2018,Athlete 13,190
29/01/2018,Athlete 14,280
29/01/2018,Athlete 15,227
29/01/2018,Athlete 16,211
29/01/2018,Athlete 17,314
29/01/2018,Athlete 18,498
29/01/2018,Athlete 19,197
29/01/2018,Athlete 20,497
30/01/2018,Athlete 01,467
30/01/2018,Athlete 02,353
30/01/2018,Athlete 03,284
30/01/2018,Athlete 04,202
30/01/2018,Athlete 05,407
30/01/2018,Athlete 06,385
30/01/2018,Athlete 07,190
30/01/2018,Athlete 08,297
30/01/2018,Athlete 09,253
30/01/2018,Athlete 10,250
30/01/2018,Athlete 11,424
30/01/2018,Athlete 12,262
30/01/2018,Athlete 13,366
30/01/2018,Athlete 14,262
30/01/2018,Athlete 15,450
30/01/2018,Athlete 16,340
30/01/2018,Athlete 17,408
30/01/2018,Athlete 18,266
30/01/2018,Athlete 19,204
30/01/2018,Athlete 20,182
31/01/2018,Athlete 01,355
31/01/2018,Athlete 02,183
31/01/2018,Athlete 03,458
31/01/2018,Athlete 04,480
31/01/2018,Athlete 05,273
31/01/2018,Athlete 06,353
31/01/2018,Athlete 07,480
31/01/2018,Athlete 08,187
31/01/2018,Athlete 09,371
31/01/2018,Athlete 10,217
31/01/2018,Athlete 11,385
31/01/2018,Athlete 12,302
31/01/2018,Athlete 13,497
31/01/2018,Athlete 14,389
31/01/2018,Athlete 15,438
31/01/2018,Athlete 16,372
31/01/2018,Athlete 17,414
31/01/2018,Athlete 18,493
31/01/2018,Athlete 19,242
31/01/2018,Athlete 20,404
01/02/2018,Athlete 01,200
01/02/2018,Athlete 02,222
01/02/2018,Athlete 03,217
01/02/2018,Athlete 04,230
01/02/2018,Athlete 05,236
01/02/2018,Athlete 06,346
01/02/2018,Athlete 07,427
01/02/2018,Athlete 08,209
01/02/2018,Athlete 09,470
01/02/2018,Athlete 10,454
01/02/2018,Athlete 11,265
01/02/2018,Athlete 12,301
01/02/2018,Athlete 13,360
01/02/2018,Athlete 14,186
01/02/2018,Athlete 15,198
01/02/2018,Athlete 16,245
01/02/2018,Athlete 17,200
01/02/2018,Athlete 18,261
01/02/2018,Athlete 19,335
01/02/2018,Athlete 20,469
02/02/2018,Athlete 01,453
02/02/2018,Athlete 02,358
02/02/2018,Athlete 03,280
02/02/2018,Athlete 04,429
02/02/2018,Athlete 05,304
02/02/2018,Athlete 06,405
02/02/2018,Athlete 07,392
02/02/2018,Athlete 08,239
02/02/2018,Athlete 09,352
02/02/2018,Athlete 10,402
02/02/2018,Athlete 11,474
02/02/2018,Athlete 12,242
02/02/2018,Athlete 13,280
02/02/2018,Athlete 14,423
02/02/2018,Athlete 15,403
02/02/2018,Athlete 16,391
02/02/2018,Athlete 17,209
02/02/2018,Athlete 18,325
02/02/2018,Athlete 19,217
02/02/2018,Athlete 20,229
03/02/2018,Athlete 01,402
03/02/2018,Athlete 02,357
03/02/2018,Athlete 03,392
03/02/2018,Athlete 04,441
03/02/2018,Athlete 05,441
03/02/2018,Athlete 06,245
03/02/2018,Athlete 07,335
03/02/2018,Athlete 08,283
03/02/2018,Athlete 09,380
03/02/2018,Athlete 10,232
03/02/2018,Athlete 11,354
03/02/2018,Athlete 12,472
03/02/2018,Athlete 13,319
03/02/2018,Athlete 14,257
03/02/2018,Athlete 15,387
03/02/2018,Athlete 16,225
03/02/2018,Athlete 17,270
03/02/2018,Athlete 18,443
03/02/2018,Athlete 19,396
03/02/2018,Athlete 20,222
04/02/2018,Athlete 01,223
04/02/2018,Athlete 02,449
04/02/2018,Athlete 03,203
04/02/2018,Athlete 04,422
04/02/2018,Athlete 05,263
04/02/2018,Athlete 06,295
04/02/2018,Athlete 07,287
04/02/2018,Athlete 08,469
04/02/2018,Athlete 09,234
04/02/2018,Athlete 10,345
04/02/2018,Athlete 11,317
04/02/2018,Athlete 12,313
04/02/2018,Athlete 13,321
04/02/2018,Athlete 14,482
04/02/2018,Athlete 15,232
04/02/2018,Athlete 16,429
04/02/2018,Athlete 17,458
04/02/2018,Athlete 18,387
04/02/2018,Athlete 19,321
04/02/2018,Athlete 20,228
05/02/2018,Athlete 01,404
05/02/2018,Athlete 02,271
05/02/2018,Athlete 03,245
05/02/2018,Athlete 04,265
05/02/2018,Athlete 05,489
05/02/2018,Athlete 06,431
05/02/2018,Athlete 07,323
05/02/2018,Athlete 08,360
05/02/2018,Athlete 09,212
05/02/2018,Athlete 10,183
05/02/2018,Athlete 11,339
05/02/2018,Athlete 12,498
05/02/2018,Athlete 13,432
05/02/2018,Athlete 14,408
05/02/2018,Athlete 15,350
05/02/2018,Athlete 16,224
05/02/2018,Athlete 17,414
05/02/2018,Athlete 18,380
05/02/2018,Athlete 19,436
05/02/2018,Athlete 20,277
06/02/2018,Athlete 01,442
06/02/2018,Athlete 02,449
06/02/2018,Athlete 03,462
06/02/2018,Athlete 04,254
06/02/2018,Athlete 05,308
06/02/2018,Athlete 06,181
06/02/2018,Athlete 07,278
06/02/2018,Athlete 08,375
06/02/2018,Athlete 09,485
06/02/2018,Athlete 10,410
06/02/2018,Athlete 11,450
06/02/2018,Athlete 12,278
06/02/2018,Athlete 13,230
06/02/2018,Athlete 14,384
06/02/2018,Athlete 15,295
06/02/2018,Athlete 16,283
06/02/2018,Athlete 17,440
06/02/2018,Athlete 18,319
06/02/2018,Athlete 19,323
06/02/2018,Athlete 20,498
07/02/2018,Athlete 01,488
07/02/2018,Athlete 02,447
07/02/2018,Athlete 03,416
07/02/2018,Athlete 04,206
07/02/2018,Athlete 05,492
07/02/2018,Athlete 06,427
07/02/2018,Athlete 07,401
07/02/2018,Athlete 08,387
07/02/2018,Athlete 09,384
07/02/2018,Athlete 10,455
07/02/2018,Athlete 11,377
07/02/2018,Athlete 12,248
07/02/2018,Athlete 13,454
07/02/2018,Athlete 14,408
07/02/2018,Athlete 15,274
07/02/2018,Athlete 16,228
07/02/2018,Athlete 17,421
07/02/2018,Athlete 18,497
07/02/2018,Athlete 19,253
07/02/2018,Athlete 20,182
08/02/2018,Athlete 01,340
08/02/2018,Athlete 02,453
08/02/2018,Athlete 03,182
08/02/2018,Athlete 04,456
08/02/2018,Athlete 05,222
08/02/2018,Athlete 06,337
08/02/2018,Athlete 07,471
08/02/2018,Athlete 08,425
08/02/2018,Athlete 09,322
08/02/2018,Athlete 10,192
08/02/2018,Athlete 11,210
08/02/2018,Athlete 12,458
08/02/2018,Athlete 13,261
08/02/2018,Athlete 14,354
08/02/2018,Athlete 15,468
08/02/2018,Athlete 16,200
08/02/2018,Athlete 17,308
08/02/2018,Athlete 18,233
08/02/2018,Athlete 19,339
08/02/2018,Athlete 20,500
09/02/2018,Athlete 01,243
09/02/2018,Athlete 02,313
09/02/2018,Athlete 03,440
09/02/2018,Athlete 04,359
09/02/2018,Athlete 05,355
09/02/2018,Athlete 06,265
09/02/2018,Athlete 07,271
09/02/2018,Athlete 08,263
09/02/2018,Athlete 09,249
09/02/2018,Athlete 10,491
09/02/2018,Athlete 11,257
09/02/2018,Athlete 12,375
09/02/2018,Athlete 13,392
09/02/2018,Athlete 14,424
09/02/2018,Athlete 15,287
09/02/2018,Athlete 16,270
09/02/2018,Athlete 17,474
09/02/2018,Athlete 18,188
09/02/2018,Athlete 19,311
09/02/2018,Athlete 20,482
10/02/2018,Athlete 01,212
10/02/2018,Athlete 02,359
10/02/2018,Athlete 03,318
10/02/2018,Athlete 04,293
10/02/2018,Athlete 05,234
10/02/2018,Athlete 06,492
10/02/2018,Athlete 07,343
10/02/2018,Athlete 08,214
10/02/2018,Athlete 09,493
10/02/2018,Athlete 10,270
10/02/2018,Athlete 11,456
10/02/2018,Athlete 12,255
10/02/2018,Athlete 13,263
10/02/2018,Athlete 14,241
10/02/2018,Athlete 15,227
10/02/2018,Athlete 16,395
10/02/2018,Athlete 17,262
10/02/2018,Athlete 18,309
10/02/2018,Athlete 19,269
10/02/2018,Athlete 20,333
11/02/2018,Athlete 01,468
11/02/2018,Athlete 02,469
11/02/2018,Athlete 03,345
11/02/2018,Athlete 04,431
11/02/2018,Athlete 05,183
11/02/2018,Athlete 06,260
11/02/2018,Athlete 07,436
11/02/2018,Athlete 08,306
11/02/2018,Athlete 09,434
11/02/2018,Athlete 10,225
11/02/2018,Athlete 11,342
11/02/2018,Athlete 12,274
11/02/2018,Athlete 13,273
11/02/2018,Athlete 14,400
11/02/2018,Athlete 15,354
11/02/2018,Athlete 16,440
11/02/2018,Athlete 17,432
11/02/2018,Athlete 18,342
11/02/2018,Athlete 19,253
11/02/2018,Athlete 20,419
12/02/2018,Athlete 01,339
12/02/2018,Athlete 02,228
12/02/2018,Athlete 03,431
12/02/2018,Athlete 04,415
12/02/2018,Athlete 05,500
12/02/2018,Athlete 06,423
12/02/2018,Athlete 07,287
12/02/2018,Athlete 08,377
12/02/2018,Athlete 09,426
12/02/2018,Athlete 10,417
12/02/2018,Athlete 11,247
12/02/2018,Athlete 12,277
12/02/2018,Athlete 13,318
12/02/2018,Athlete 14,322
12/02/2018,Athlete 15,458
12/02/2018,Athlete 16,339
12/02/2018,Athlete 17,465
12/02/2018,Athlete 18,215
12/02/2018,Athlete 19,415
12/02/2018,Athlete 20,207
13/02/2018,Athlete 01,222
13/02/2018,Athlete 02,421
13/02/2018,Athlete 03,368
13/02/2018,Athlete 04,390
13/02/2018,Athlete 05,399
13/02/2018,Athlete 06,258
13/02/2018,Athlete 07,441
13/02/2018,Athlete 08,490
13/02/2018,Athlete 09,357
13/02/2018,Athlete 10,251
13/02/2018,Athlete 11,240
13/02/2018,Athlete 12,209
13/02/2018,Athlete 13,359
13/02/2018,Athlete 14,185
13/02/2018,Athlete 15,221
13/02/2018,Athlete 16,395
13/02/2018,Athlete 17,411
13/02/2018,Athlete 18,334
13/02/2018,Athlete 19,233
13/02/2018,Athlete 20,455
14/02/2018,Athlete 01,369
14/02/2018,Athlete 02,251
14/02/2018,Athlete 03,291
14/02/2018,Athlete 04,316
14/02/2018,Athlete 05,365
14/02/2018,Athlete 06,407
14/02/2018,Athlete 07,241
14/02/2018,Athlete 08,486
14/02/2018,Athlete 09,300
14/02/2018,Athlete 10,353
14/02/2018,Athlete 11,219
14/02/2018,Athlete 12,299
14/02/2018,Athlete 13,368
14/02/2018,Athlete 14,376
14/02/2018,Athlete 15,317
14/02/2018,Athlete 16,218
14/02/2018,Athlete 17,294
14/02/2018,Athlete 18,297
14/02/2018,Athlete 19,346
14/02/2018,Athlete 20,455
15/02/2018,Athlete 01,289
15/02/2018,Athlete 02,468
15/02/2018,Athlete 03,342
15/02/2018,Athlete 04,285
15/02/2018,Athlete 05,343
15/02/2018,Athlete 06,450
15/02/2018,Athlete 07,495
15/02/2018,Athlete 08,395
15/02/2018,Athlete 09,217
15/02/2018,Athlete 10,319
15/02/2018,Athlete 11,269
15/02/2018,Athlete 12,208
15/02/2018,Athlete 13,370
15/02/2018,Athlete 14,304
15/02/2018,Athlete 15,456
15/02/2018,Athlete 16,328
15/02/2018,Athlete 17,190
15/02/2018,Athlete 18,476
15/02/2018,Athlete 19,378
15/02/2018,Athlete 20,407
16/02/2018,Athlete 01,244
16/02/2018,Athlete 02,436
16/02/2018,Athlete 03,426
16/02/2018,Athlete 04,284
16/02/2018,Athlete 05,500
16/02/2018,Athlete 06,193
16/02/2018,Athlete 07,290
16/02/2018,Athlete 08,278
16/02/2018,Athlete 09,239
16/02/2018,Athlete 10,194
16/02/2018,Athlete 11,356
16/02/2018,Athlete 12,447
16/02/2018,Athlete 13,217
16/02/2018,Athlete 14,414
16/02/2018,Athlete 15,492
16/02/2018,Athlete 16,292
16/02/2018,Athlete 17,285
16/02/2018,Athlete 18,317
16/02/2018,Athlete 19,263
16/02/2018,Athlete 20,255
17/02/2018,Athlete 01,388
17/02/2018,Athlete 02,489
17/02/2018,Athlete 03,385
17/02/2018,Athlete 04,496
17/02/2018,Athlete 05,433
17/02/2018,Athlete 06,498
17/02/2018,Athlete 07,363
17/02/2018,Athlete 08,330
17/02/2018,Athlete 09,316
17/02/2018,Athlete 10,223
17/02/2018,Athlete 11,398
17/02/2018,Athlete 12,283
17/02/2018,Athlete 13,467
17/02/2018,Athlete 14,346
17/02/2018,Athlete 15,469
17/02/2018,Athlete 16,324
17/02/2018,Athlete 17,470
17/02/2018,Athlete 18,360
17/02/2018,Athlete 19,432
17/02/2018,Athlete 20,299
18/02/2018,Athlete 01,469
18/02/2018,Athlete 02,188
18/02/2018,Athlete 03,210
18/02/2018,Athlete 04,484
18/02/2018,Athlete 05,352
18/02/2018,Athlete 06,302
18/02/2018,Athlete 07,463
18/02/2018,Athlete 08,462
18/02/2018,Athlete 09,185
18/02/2018,Athlete 10,424
18/02/2018,Athlete 11,198
18/02/2018,Athlete 12,428
18/02/2018,Athlete 13,293
18/02/2018,Athlete 14,289
18/02/2018,Athlete 15,317
18/02/2018,Athlete 16,332
18/02/2018,Athlete 17,399
18/02/2018,Athlete 18,327
18/02/2018,Athlete 19,185
18/02/2018,Athlete 20,246
19/02/2018,Athlete 01,238
19/02/2018,Athlete 02,477
19/02/2018,Athlete 03,355
19/02/2018,Athlete 04,209
19/02/2018,Athlete 05,481
19/02/2018,Athlete 06,196
19/02/2018,Athlete 07,408
19/02/2018,Athlete 08,374
19/02/2018,Athlete 09,332
19/02/2018,Athlete 10,460
19/02/2018,Athlete 11,407
19/02/2018,Athlete 12,394
19/02/2018,Athlete 13,494
19/02/2018,Athlete 14,339
19/02/2018,Athlete 15,347
19/02/2018,Athlete 16,477
19/02/2018,Athlete 17,224
19/02/2018,Athlete 18,206
19/02/2018,Athlete 19,304
19/02/2018,Athlete 20,414
20/02/2018,Athlete 01,240
20/02/2018,Athlete 02,288
20/02/2018,Athlete 03,349
20/02/2018,Athlete 04,300
20/02/2018,Athlete 05,213
20/02/2018,Athlete 06,415
20/02/2018,Athlete 07,225
20/02/2018,Athlete 08,385
20/02/2018,Athlete 09,351
20/02/2018,Athlete 10,428
20/02/2018,Athlete 11,243
20/02/2018,Athlete 12,336
20/02/2018,Athlete 13,268
20/02/2018,Athlete 14,405
20/02/2018,Athlete 15,248
20/02/2018,Athlete 16,357
20/02/2018,Athlete 17,402
20/02/2018,Athlete 18,422
20/02/2018,Athlete 19,334
20/02/2018,Athlete 20,324
21/02/2018,Athlete 01,233
21/02/2018,Athlete 02,233
21/02/2018,Athlete 03,218
21/02/2018,Athlete 04,241
21/02/2018,Athlete 05,418
21/02/2018,Athlete 06,224
21/02/2018,Athlete 07,380
21/02/2018,Athlete 08,361
21/02/2018,Athlete 09,493
21/02/2018,Athlete 10,491
21/02/2018,Athlete 11,355
21/02/2018,Athlete 12,369
21/02/2018,Athlete 13,458
21/02/2018,Athlete 14,418
21/02/2018,Athlete 15,373
21/02/2018,Athlete 16,401
21/02/2018,Athlete 17,329
21/02/2018,Athlete 18,447
21/02/2018,Athlete 19,245
21/02/2018,Athlete 20,318
22/02/2018,Athlete 01,357
22/02/2018,Athlete 02,413
22/02/2018,Athlete 03,335
22/02/2018,Athlete 04,322
22/02/2018,Athlete 05,293
22/02/2018,Athlete 06,288
22/02/2018,Athlete 07,273
22/02/2018,Athlete 08,295
22/02/2018,Athlete 09,378
22/02/2018,Athlete 10,483
22/02/2018,Athlete 11,325
22/02/2018,Athlete 12,441
22/02/2018,Athlete 13,182
22/02/2018,Athlete 14,411
22/02/2018,Athlete 15,446
22/02/2018,Athlete 16,308
22/02/2018,Athlete 17,326
22/02/2018,Athlete 18,345
22/02/2018,Athlete 19,214
22/02/2018,Athlete 20,466
23/02/2018,Athlete 01,494
23/02/2018,Athlete 02,197
23/02/2018,Athlete 03,397
23/02/2018,Athlete 04,467
23/02/2018,Athlete 05,200
23/02/2018,Athlete 06,313
23/02/2018,Athlete 07,262
23/02/2018,Athlete 08,181
23/02/2018,Athlete 09,487
23/02/2018,Athlete 10,432
23/02/2018,Athlete 11,398
23/02/2018,Athlete 12,241
23/02/2018,Athlete 13,251
23/02/2018,Athlete 14,262
23/02/2018,Athlete 15,183
23/02/2018,Athlete 16,186
23/02/2018,Athlete 17,459
23/02/2018,Athlete 18,373
23/02/2018,Athlete 19,398
23/02/2018,Athlete 20,336
24/02/2018,Athlete 01,478
24/02/2018,Athlete 02,415
24/02/2018,Athlete 03,279
24/02/2018,Athlete 04,253
24/02/2018,Athlete 05,279
24/02/2018,Athlete 06,317
24/02/2018,Athlete 07,400
24/02/2018,Athlete 08,256
24/02/2018,Athlete 09,354
24/02/2018,Athlete 10,416
24/02/2018,Athlete 11,337
24/02/2018,Athlete 12,331
24/02/2018,Athlete 13,348
24/02/2018,Athlete 14,448
24/02/2018,Athlete 15,344
24/02/2018,Athlete 16,488
24/02/2018,Athlete 17,490
24/02/2018,Athlete 18,498
24/02/2018,Athlete 19,213
24/02/2018,Athlete 20,389
25/02/2018,Athlete 01,437
25/02/2018,Athlete 02,455
25/02/2018,Athlete 03,355
25/02/2018,Athlete 04,490
25/02/2018,Athlete 05,328
25/02/2018,Athlete 06,190
25/02/2018,Athlete 07,207
25/02/2018,Athlete 08,469
25/02/2018,Athlete 09,497
25/02/2018,Athlete 10,221
25/02/2018,Athlete 11,193
25/02/2018,Athlete 12,372
25/02/2018,Athlete 13,463
25/02/2018,Athlete 14,472
25/02/2018,Athlete 15,254
25/02/2018,Athlete 16,251
25/02/2018,Athlete 17,205
25/02/2018,Athlete 18,441
25/02/2018,Athlete 19,242
25/02/2018,Athlete 20,368
26/02/2018,Athlete 01,451
26/02/2018,Athlete 02,408
26/02/2018,Athlete 03,456
26/02/2018,Athlete 04,422
26/02/2018,Athlete 05,357
26/02/2018,Athlete 06,182
26/02/2018,Athlete 07,182
26/02/2018,Athlete 08,335
26/02/2018,Athlete 09,362
26/02/2018,Athlete 10,494
26/02/2018,Athlete 11,200
26/02/2018,Athlete 12,444
26/02/2018,Athlete 13,413
26/02/2018,Athlete 14,242
26/02/2018,Athlete 15,321
26/02/2018,Athlete 16,369
26/02/2018,Athlete 17,244
26/02/2018,Athlete 18,316
26/02/2018,Athlete 19,327
26/02/2018,Athlete 20,328
27/02/2018,Athlete 01,213
27/02/2018,Athlete 02,339
27/02/2018,Athlete 03,262
27/02/2018,Athlete 04,479
27/02/2018,Athlete 05,445
27/02/2018,Athlete 06,482
27/02/2018,Athlete 07,451
27/02/2018,Athlete 08,404
27/02/2018,Athlete 09,260
27/02/2018,Athlete 10,192
27/02/2018,Athlete 11,200
27/02/2018,Athlete 12,356
27/02/2018,Athlete 13,310
27/02/2018,Athlete 14,260
27/02/2018,Athlete 15,218
27/02/2018,Athlete 16,464
27/02/2018,Athlete 17,479
27/02/2018,Athlete 18,212
27/02/2018,Athlete 19,367
27/02/2018,Athlete 20,212
28/02/2018,Athlete 01,387
28/02/2018,Athlete 02,258
28/02/2018,Athlete 03,293
28/02/2018,Athlete 04,356
28/02/2018,Athlete 05,455
28/02/2018,Athlete 06,195
28/02/2018,Athlete 07,265
28/02/2018,Athlete 08,326
28/02/2018,Athlete 09,475
28/02/2018,Athlete 10,208
28/02/2018,Athlete 11,425
28/02/2018,Athlete 12,446
28/02/2018,Athlete 13,250
28/02/2018,Athlete 14,308
28/02/2018,Athlete 15,481
28/02/2018,Athlete 16,181
28/02/2018,Athlete 17,202
28/02/2018,Athlete 18,244
28/02/2018,Athlete 19,292
28/02/2018,Athlete 20,289
01/03/2018,Athlete 01,305
01/03/2018,Athlete 02,369
01/03/2018,Athlete 03,292
01/03/2018,Athlete 04,200
01/03/2018,Athlete 05,279
01/03/2018,Athlete 06,335
01/03/2018,Athlete 07,226
01/03/2018,Athlete 08,365
01/03/2018,Athlete 09,271
01/03/2018,Athlete 10,210
01/03/2018,Athlete 11,364
01/03/2018,Athlete 12,420
01/03/2018,Athlete 13,284
01/03/2018,Athlete 14,215
01/03/2018,Athlete 15,196
01/03/2018,Athlete 16,219
01/03/2018,Athlete 17,183
01/03/2018,Athlete 18,445
01/03/2018,Athlete 19,465
01/03/2018,Athlete 20,237
02/03/2018,Athlete 01,331
02/03/2018,Athlete 02,456
02/03/2018,Athlete 03,287
02/03/2018,Athlete 04,471
02/03/2018,Athlete 05,293
02/03/2018,Athlete 06,350
02/03/2018,Athlete 07,215
02/03/2018,Athlete 08,293
02/03/2018,Athlete 09,375
02/03/2018,Athlete 10,306
02/03/2018,Athlete 11,280
02/03/2018,Athlete 12,316
02/03/2018,Athlete 13,387
02/03/2018,Athlete 14,347
02/03/2018,Athlete 15,412
02/03/2018,Athlete 16,418
02/03/2018,Athlete 17,435
02/03/2018,Athlete 18,425
02/03/2018,Athlete 19,370
02/03/2018,Athlete 20,281
03/03/2018,Athlete 01,447
03/03/2018,Athlete 02,442
03/03/2018,Athlete 03,291
03/03/2018,Athlete 04,430
03/03/2018,Athlete 05,367
03/03/2018,Athlete 06,319
03/03/2018,Athlete 07,496
03/03/2018,Athlete 08,253
03/03/2018,Athlete 09,274
03/03/2018,Athlete 10,347
03/03/2018,Athlete 11,371
03/03/2018,Athlete 12,344
03/03/2018,Athlete 13,313
03/03/2018,Athlete 14,450
03/03/2018,Athlete 15,185
03/03/2018,Athlete 16,372
03/03/2018,Athlete 17,386
03/03/2018,Athlete 18,411
03/03/2018,Athlete 19,391
03/03/2018,Athlete 20,489
04/03/2018,Athlete 01,290
04/03/2018,Athlete 02,469
04/03/2018,Athlete 03,485
04/03/2018,Athlete 04,180
04/03/2018,Athlete 05,294
04/03/2018,Athlete 06,340
04/03/2018,Athlete 07,390
04/03/2018,Athlete 08,270
04/03/2018,Athlete 09,446
04/03/2018,Athlete 10,411
04/03/2018,Athlete 11,318
04/03/2018,Athlete 12,314
04/03/2018,Athlete 13,385
04/03/2018,Athlete 14,415
04/03/2018,Athlete 15,442
04/03/2018,Athlete 16,250
04/03/2018,Athlete 17,500
04/03/2018,Athlete 18,438
04/03/2018,Athlete 19,268
04/03/2018,Athlete 20,251
05/03/2018,Athlete 01,281
05/03/2018,Athlete 02,455
05/03/2018,Athlete 03,453
05/03/2018,Athlete 04,336
05/03/2018,Athlete 05,334
05/03/2018,Athlete 06,421
05/03/2018,Athlete 07,419
05/03/2018,Athlete 08,306
05/03/2018,Athlete 09,288
05/03/2018,Athlete 10,381
05/03/2018,Athlete 11,455
05/03/2018,Athlete 12,420
05/03/2018,Athlete 13,360
05/03/2018,Athlete 14,412
05/03/2018,Athlete 15,373
05/03/2018,Athlete 16,472
05/03/2018,Athlete 17,439
05/03/2018,Athlete 18,441
05/03/2018,Athlete 19,350
05/03/2018,Athlete 20,244
06/03/2018,Athlete 01,452
06/03/2018,Athlete 02,257
06/03/2018,Athlete 03,346
06/03/2018,Athlete 04,360
06/03/2018,Athlete 05,422
06/03/2018,Athlete 06,482
06/03/2018,Athlete 07,342
06/03/2018,Athlete 08,273
06/03/2018,Athlete 09,385
06/03/2018,Athlete 10,487
06/03/2018,Athlete 11,430
06/03/2018,Athlete 12,222
06/03/2018,Athlete 13,311
06/03/2018,Athlete 14,411
06/03/2018,Athlete 15,299
06/03/2018,Athlete 16,464
06/03/2018,Athlete 17,210
06/03/2018,Athlete 18,493
06/03/2018,Athlete 19,262
06/03/2018,Athlete 20,385
07/03/2018,Athlete 01,465
07/03/2018,Athlete 02,473
07/03/2018,Athlete 03,240
07/03/2018,Athlete 04,377
07/03/2018,Athlete 05,219
07/03/2018,Athlete 06,289
07/03/2018,Athlete 07,461
07/03/2018,Athlete 08,494
07/03/2018,Athlete 09,303
07/03/2018,Athlete 10,288
07/03/2018,Athlete 11,282
07/03/2018,Athlete 12,227
07/03/2018,Athlete 13,337
07/03/2018,Athlete 14,299
07/03/2018,Athlete 15,402
07/03/2018,Athlete 16,242
07/03/2018,Athlete 17,273
07/03/2018,Athlete 18,398
07/03/2018,Athlete 19,421
07/03/2018,Athlete 20,232
08/03/2018,Athlete 01,198
08/03/2018,Athlete 02,242
08/03/2018,Athlete 03,364
08/03/2018,Athlete 04,306
08/03/2018,Athlete 05,260
08/03/2018,Athlete 06,319
08/03/2018,Athlete 07,458
08/03/2018,Athlete 08,458
08/03/2018,Athlete 09,378
08/03/2018,Athlete 10,456
08/03/2018,Athlete 11,274
08/03/2018,Athlete 12,495
08/03/2018,Athlete 13,499
08/03/2018,Athlete 14,376
08/03/2018,Athlete 15,277
08/03/2018,Athlete 16,264
08/03/2018,Athlete 17,447
08/03/2018,Athlete 18,260
08/03/2018,Athlete 19,306
08/03/2018,Athlete 20,436
09/03/2018,Athlete 01,388
09/03/2018,Athlete 02,234
09/03/2018,Athlete 03,320
09/03/2018,Athlete 04,268
09/03/2018,Athlete 05,472
09/03/2018,Athlete 06,482
09/03/2018,Athlete 07,464
09/03/2018,Athlete 08,205
09/03/2018,Athlete 09,215
09/03/2018,Athlete 10,378
09/03/2018,Athlete 11,430
09/03/2018,Athlete 12,251
09/03/2018,Athlete 13,482
09/03/2018,Athlete 14,182
09/03/2018,Athlete 15,297
09/03/2018,Athlete 16,205
09/03/2018,Athlete 17,468
09/03/2018,Athlete 18,416
09/03/2018,Athlete 19,233
09/03/2018,Athlete 20,227
10/03/2018,Athlete 01,317
10/03/2018,Athlete 02,453
10/03/2018,Athlete 03,303
10/03/2018,Athlete 04,200
10/03/2018,Athlete 05,306
10/03/2018,Athlete 06,462
10/03/2018,Athlete 07,386
10/03/2018,Athlete 08,454
10/03/2018,Athlete 09,373
10/03/2018,Athlete 10,320
10/03/2018,Athlete 11,429
10/03/2018,Athlete 12,297
10/03/2018,Athlete 13,232
10/03/2018,Athlete 14,411
10/03/2018,Athlete 15,468
10/03/2018,Athlete 16,274
10/03/2018,Athlete 17,438
10/03/2018,Athlete 18,444
10/03/2018,Athlete 19,400
10/03/2018,Athlete 20,329
11/03/2018,Athlete 01,250
11/03/2018,Athlete 02,329
11/03/2018,Athlete 03,478
11/03/2018,Athlete 04,384
11/03/2018,Athlete 05,343
11/03/2018,Athlete 06,319
11/03/2018,Athlete 07,440
11/03/2018,Athlete 08,378
11/03/2018,Athlete 09,361
11/03/2018,Athlete 10,300
11/03/2018,Athlete 11,435
11/03/2018,Athlete 12,188
11/03/2018,Athlete 13,428
11/03/2018,Athlete 14,215
11/03/2018,Athlete 15,221
11/03/2018,Athlete 16,312
11/03/2018,Athlete 17,199
11/03/2018,Athlete 18,339
11/03/2018,Athlete 19,478
11/03/2018,Athlete 20,310
12/03/2018,Athlete 01,441
12/03/2018,Athlete 02,267
12/03/2018,Athlete 03,376
12/03/2018,Athlete 04,292
12/03/2018,Athlete 05,337
12/03/2018,Athlete 06,397
12/03/2018,Athlete 07,225
12/03/2018,Athlete 08,217
12/03/2018,Athlete 09,278
12/03/2018,Athlete 10,315
12/03/2018,Athlete 11,190
12/03/2018,Athlete 12,183
12/03/2018,Athlete 13,338
12/03/2018,Athlete 14,368
12/03/2018,Athlete 15,204
12/03/2018,Athlete 16,410
12/03/2018,Athlete 17,453
12/03/2018,Athlete 18,471
12/03/2018,Athlete 19,234
12/03/2018,Athlete 20,194
13/03/2018,Athlete 01,376
13/03/2018,Athlete 02,490
13/03/2018,Athlete 03,378
13/03/2018,Athlete 04,402
13/03/2018,Athlete 05,411
13/03/2018,Athlete 06,431
13/03/2018,Athlete 07,329
13/03/2018,Athlete 08,444
13/03/2018,Athlete 09,480
13/03/2018,Athlete 10,488
13/03/2018,Athlete 11,347
13/03/2018,Athlete 12,457
13/03/2018,Athlete 13,197
13/03/2018,Athlete 14,432
13/03/2018,Athlete 15,277
13/03/2018,Athlete 16,444
13/03/2018,Athlete 17,500
13/03/2018,Athlete 18,385
13/03/2018,Athlete 19,318
13/03/2018,Athlete 20,299
14/03/2018,Athlete 01,274
14/03/2018,Athlete 02,213
14/03/2018,Athlete 03,249
14/03/2018,Athlete 04,217
14/03/2018,Athlete 05,205
14/03/2018,Athlete 06,274
14/03/2018,Athlete 07,321
14/03/2018,Athlete 08,349
14/03/2018,Athlete 09,383
14/03/2018,Athlete 10,438
14/03/2018,Athlete 11,435
14/03/2018,Athlete 12,313
14/03/2018,Athlete 13,458
14/03/2018,Athlete 14,406
14/03/2018,Athlete 15,216
14/03/2018,Athlete 16,200
14/03/2018,Athlete 17,446
14/03/2018,Athlete 18,207
14/03/2018,Athlete 19,351
14/03/2018,Athlete 20,329
15/03/2018,Athlete 01,345
15/03/2018,Athlete 02,425
15/03/2018,Athlete 03,479
15/03/2018,Athlete 04,239
15/03/2018,Athlete 05,472
15/03/2018,Athlete 06,414
15/03/2018,Athlete 07,297
15/03/2018,Athlete 08,474
15/03/2018,Athlete 09,353
15/03/2018,Athlete 10,445
15/03/2018,Athlete 11,387
15/03/2018,Athlete 12,357
15/03/2018,Athlete 13,477
15/03/2018,Athlete 14,245
15/03/2018,Athlete 15,363
15/03/2018,Athlete 16,228
15/03/2018,Athlete 17,435
15/03/2018,Athlete 18,243
15/03/2018,Athlete 19,474
15/03/2018,Athlete 20,484
16/03/2018,Athlete 01,261
16/03/2018,Athlete 02,497
16/03/2018,Athlete 03,385
16/03/2018,Athlete 04,337
16/03/2018,Athlete 05,273
16/03/2018,Athlete 06,283
16/03/2018,Athlete 07,202
16/03/2018,Athlete 08,297
16/03/2018,Athlete 09,326
16/03/2018,Athlete 10,184
16/03/2018,Athlete 11,393
16/03/2018,Athlete 12,215
16/03/2018,Athlete 13,189
16/03/2018,Athlete 14,234
16/03/2018,Athlete 15,231
16/03/2018,Athlete 16,233
16/03/2018,Athlete 17,248
16/03/2018,Athlete 18,233
16/03/2018,Athlete 19,276
16/03/2018,Athlete 20,295
17/03/2018,Athlete 01,439
17/03/2018,Athlete 02,190
17/03/2018,Athlete 03,363
17/03/2018,Athlete 04,256
17/03/2018,Athlete 05,486
17/03/2018,Athlete 06,199
17/03/2018,Athlete 07,487
17/03/2018,Athlete 08,422
17/03/2018,Athlete 09,396
17/03/2018,Athlete 10,415
17/03/2018,Athlete 11,359
17/03/2018,Athlete 12,241
17/03/2018,Athlete 13,449
17/03/2018,Athlete 14,323
17/03/2018,Athlete 15,291
17/03/2018,Athlete 16,483
17/03/2018,Athlete 17,221
17/03/2018,Athlete 18,358
17/03/2018,Athlete 19,256
17/03/2018,Athlete 20,410
18/03/2018,Athlete 01,318
18/03/2018,Athlete 02,204
18/03/2018,Athlete 03,246
18/03/2018,Athlete 04,497
18/03/2018,Athlete 05,180
18/03/2018,Athlete 06,467
18/03/2018,Athlete 07,288
18/03/2018,Athlete 08,306
18/03/2018,Athlete 09,490
18/03/2018,Athlete 10,469
18/03/2018,Athlete 11,294
18/03/2018,Athlete 12,336
18/03/2018,Athlete 13,255
18/03/2018,Athlete 14,295
18/03/2018,Athlete 15,488
18/03/2018,Athlete 16,307
18/03/2018,Athlete 17,370
18/03/2018,Athlete 18,435
18/03/2018,Athlete 19,255
18/03/2018,Athlete 20,247
19/03/2018,Athlete 01,357
19/03/2018,Athlete 02,492
19/03/2018,Athlete 03,397
19/03/2018,Athlete 04,465
19/03/2018,Athlete 05,215
19/03/2018,Athlete 06,369
19/03/2018,Athlete 07,210
19/03/2018,Athlete 08,364
19/03/2018,Athlete 09,392
19/03/2018,Athlete 10,473
19/03/2018,Athlete 11,487
19/03/2018,Athlete 12,312
19/03/2018,Athlete 13,392
19/03/2018,Athlete 14,419
19/03/2018,Athlete 15,435
19/03/2018,Athlete 16,326
19/03/2018,Athlete 17,486
19/03/2018,Athlete 18,183
19/03/2018,Athlete 19,298
19/03/2018,Athlete 20,229
20/03/2018,Athlete 01,411
20/03/2018,Athlete 02,322
20/03/2018,Athlete 03,220
20/03/2018,Athlete 04,304
20/03/2018,Athlete 05,337
20/03/2018,Athlete 06,486
20/03/2018,Athlete 07,205
20/03/2018,Athlete 08,453
20/03/2018,Athlete 09,371
20/03/2018,Athlete 10,498
20/03/2018,Athlete 11,450
20/03/2018,Athlete 12,396
20/03/2018,Athlete 13,500
20/03/2018,Athlete 14,396
20/03/2018,Athlete 15,411
20/03/2018,Athlete 16,299
20/03/2018,Athlete 17,235
20/03/2018,Athlete 18,252
20/03/2018,Athlete 19,396
20/03/2018,Athlete 20,469
21/03/2018,Athlete 01,351
21/03/2018,Athlete 02,447
21/03/2018,Athlete 03,211
21/03/2018,Athlete 04,235
21/03/2018,Athlete 05,252
21/03/2018,Athlete 06,407
21/03/2018,Athlete 07,226
21/03/2018,Athlete 08,240
21/03/2018,Athlete 09,440
21/03/2018,Athlete 10,414
21/03/2018,Athlete 11,464
21/03/2018,Athlete 12,402
21/03/2018,Athlete 13,406
21/03/2018,Athlete 14,462
21/03/2018,Athlete 15,391
21/03/2018,Athlete 16,386
21/03/2018,Athlete 17,339
21/03/2018,Athlete 18,197
21/03/2018,Athlete 19,303
21/03/2018,Athlete 20,432
22/03/2018,Athlete 01,332
22/03/2018,Athlete 02,429
22/03/2018,Athlete 03,303
22/03/2018,Athlete 04,420
22/03/2018,Athlete 05,276
22/03/2018,Athlete 06,217
22/03/2018,Athlete 07,367
22/03/2018,Athlete 08,271
22/03/2018,Athlete 09,215
22/03/2018,Athlete 10,272
22/03/2018,Athlete 11,266
22/03/2018,Athlete 12,411
22/03/2018,Athlete 13,305
22/03/2018,Athlete 14,473
22/03/2018,Athlete 15,315
22/03/2018,Athlete 16,295
22/03/2018,Athlete 17,319
22/03/2018,Athlete 18,227
22/03/2018,Athlete 19,252
22/03/2018,Athlete 20,293
23/03/2018,Athlete 01,475
23/03/2018,Athlete 02,403
23/03/2018,Athlete 03,311
23/03/2018,Athlete 04,261
23/03/2018,Athlete 05,500
23/03/2018,Athlete 06,322
23/03/2018,Athlete 07,479
23/03/2018,Athlete 08,228
23/03/2018,Athlete 09,416
23/03/2018,Athlete 10,481
23/03/2018,Athlete 11,418
23/03/2018,Athlete 12,468
23/03/2018,Athlete 13,322
23/03/2018,Athlete 14,334
23/03/2018,Athlete 15,296
23/03/2018,Athlete 16,234
23/03/2018,Athlete 17,367
23/03/2018,Athlete 18,472
23/03/2018,Athlete 19,357
23/03/2018,Athlete 20,374
24/03/2018,Athlete 01,475
24/03/2018,Athlete 02,199
24/03/2018,Athlete 03,415
24/03/2018,Athlete 04,317
24/03/2018,Athlete 05,463
24/03/2018,Athlete 06,251
24/03/2018,Athlete 07,487
24/03/2018,Athlete 08,188
24/03/2018,Athlete 09,393
24/03/2018,Athlete 10,246
24/03/2018,Athlete 11,352
24/03/2018,Athlete 12,239
24/03/2018,Athlete 13,180
24/03/2018,Athlete 14,264
24/03/2018,Athlete 15,490
24/03/2018,Athlete 16,387
24/03/2018,Athlete 17,360
24/03/2018,Athlete 18,375
24/03/2018,Athlete 19,256
24/03/2018,Athlete 20,459
25/03/2018,Athlete 01,246
25/03/2018,Athlete 02,199
25/03/2018,Athlete 03,256
25/03/2018,Athlete 04,476
25/03/2018,Athlete 05,280
25/03/2018,Athlete 06,393
25/03/2018,Athlete 07,453
25/03/2018,Athlete 08,466
25/03/2018,Athlete 09,214
25/03/2018,Athlete 10,469
25/03/2018,Athlete 11,203
25/03/2018,Athlete 12,376
25/03/2018,Athlete 13,252
25/03/2018,Athlete 14,236
25/03/2018,Athlete 15,407
25/03/2018,Athlete 16,275
25/03/2018,Athlete 17,194
25/03/2018,Athlete 18,329
25/03/2018,Athlete 19,333
25/03/2018,Athlete 20,429
26/03/2018,Athlete 01,495
26/03/2018,Athlete 02,197
26/03/2018,Athlete 03,413
26/03/2018,Athlete 04,234
26/03/2018,Athlete 05,274
26/03/2018,Athlete 06,465
26/03/2018,Athlete 07,421
26/03/2018,Athlete 08,213
26/03/2018,Athlete 09,373
26/03/2018,Athlete 10,403
26/03/2018,Athlete 11,360
26/03/2018,Athlete 12,337
26/03/2018,Athlete 13,241
26/03/2018,Athlete 14,246
26/03/2018,Athlete 15,388
26/03/2018,Athlete 16,304
26/03/2018,Athlete 17,258
26/03/2018,Athlete 18,393
26/03/2018,Athlete 19,332
26/03/2018,Athlete 20,271
27/03/2018,Athlete 01,219
27/03/2018,Athlete 02,301
27/03/2018,Athlete 03,376
27/03/2018,Athlete 04,267
27/03/2018,Athlete 05,372
27/03/2018,Athlete 06,371
27/03/2018,Athlete 07,184
27/03/2018,Athlete 08,482
27/03/2018,Athlete 09,340
27/03/2018,Athlete 10,393
27/03/2018,Athlete 11,287
27/03/2018,Athlete 12,392
27/03/2018,Athlete 13,261
27/03/2018,Athlete 14,450
27/03/2018,Athlete 15,498
27/03/2018,Athlete 16,269
27/03/2018,Athlete 17,348
27/03/2018,Athlete 18,495
27/03/2018,Athlete 19,326
27/03/2018,Athlete 20,305
28/03/2018,Athlete 01,279
28/03/2018,Athlete 02,437
28/03/2018,Athlete 03,379
28/03/2018,Athlete 04,222
28/03/2018,Athlete 05,357
28/03/2018,Athlete 06,377
28/03/2018,Athlete 07,191
28/03/2018,Athlete 08,414
28/03/2018,Athlete 09,313
28/03/2018,Athlete 10,319
28/03/2018,Athlete 11,261
28/03/2018,Athlete 12,393
28/03/2018,Athlete 13,383
28/03/2018,Athlete 14,347
28/03/2018,Athlete 15,218
28/03/2018,Athlete 16,194
28/03/2018,Athlete 17,251
28/03/2018,Athlete 18,451
28/03/2018,Athlete 19,188
28/03/2018,Athlete 20,295
29/03/2018,Athlete 01,274
29/03/2018,Athlete 02,289
29/03/2018,Athlete 03,470
29/03/2018,Athlete 04,275
29/03/2018,Athlete 05,392
29/03/2018,Athlete 06,208
29/03/2018,Athlete 07,494
29/03/2018,Athlete 08,355
29/03/2018,Athlete 09,425
29/03/2018,Athlete 10,200
29/03/2018,Athlete 11,484
29/03/2018,Athlete 12,435
29/03/2018,Athlete 13,450
29/03/2018,Athlete 14,461
29/03/2018,Athlete 15,481
29/03/2018,Athlete 16,263
29/03/2018,Athlete 17,439
29/03/2018,Athlete 18,477
29/03/2018,Athlete 19,236
29/03/2018,Athlete 20,213
30/03/2018,Athlete 01,392
30/03/2018,Athlete 02,449
30/03/2018,Athlete 03,437
30/03/2018,Athlete 04,234
30/03/2018,Athlete 05,199
30/03/2018,Athlete 06,186
30/03/2018,Athlete 07,333
30/03/2018,Athlete 08,483
30/03/2018,Athlete 09,445
30/03/2018,Athlete 10,213
30/03/2018,Athlete 11,452
30/03/2018,Athlete 12,201
30/03/2018,Athlete 13,303
30/03/2018,Athlete 14,205
30/03/2018,Athlete 15,226
30/03/2018,Athlete 16,379
30/03/2018,Athlete 17,466
30/03/2018,Athlete 18,374
30/03/2018,Athlete 19,478
30/03/2018,Athlete 20,450
31/03/2018,Athlete 01,497
31/03/2018,Athlete 02,213
31/03/2018,Athlete 03,459
31/03/2018,Athlete 04,357
31/03/2018,Athlete 05,182
31/03/2018,Athlete 06,238
31/03/2018,Athlete 07,461
31/03/2018,Athlete 08,382
31/03/2018,Athlete 09,232
31/03/2018,Athlete 10,454
31/03/2018,Athlete 11,388
31/03/2018,Athlete 12,339
31/03/2018,Athlete 13,305
31/03/2018,Athlete 14,356
31/03/2018,Athlete 15,285
31/03/2018,Athlete 16,265
31/03/2018,Athlete 17,189
31/03/2018,Athlete 18,471
31/03/2018,Athlete 19,234
31/03/2018,Athlete 20,288
01/04/2018,Athlete 01,383
01/04/2018,Athlete 02,237
01/04/2018,Athlete 03,294
01/04/2018,Athlete 04,453
01/04/2018,Athlete 05,391
01/04/2018,Athlete 06,290
01/04/2018,Athlete 07,364
01/04/2018,Athlete 08,211
01/04/2018,Athlete 09,447
01/04/2018,Athlete 10,387
01/04/2018,Athlete 11,239
01/04/2018,Athlete 12,423
01/04/2018,Athlete 13,335
01/04/2018,Athlete 14,304
01/04/2018,Athlete 15,279
01/04/2018,Athlete 16,307
01/04/2018,Athlete 17,392
01/04/2018,Athlete 18,209
01/04/2018,Athlete 19,380
01/04/2018,Athlete 20,198
02/04/2018,Athlete 01,463
02/04/2018,Athlete 02,435
02/04/2018,Athlete 03,384
02/04/2018,Athlete 04,351
02/04/2018,Athlete 05,461
02/04/2018,Athlete 06,431
02/04/2018,Athlete 07,272
02/04/2018,Athlete 08,427
02/04/2018,Athlete 09,309
02/04/2018,Athlete 10,265
02/04/2018,Athlete 11,316
02/04/2018,Athlete 12,497
02/04/2018,Athlete 13,269
02/04/2018,Athlete 14,477
02/04/2018,Athlete 15,431
02/04/2018,Athlete 16,448
02/04/2018,Athlete 17,225
02/04/2018,Athlete 18,394
02/04/2018,Athlete 19,187
02/04/2018,Athlete 20,450
03/04/2018,Athlete 01,218
03/04/2018,Athlete 02,200
03/04/2018,Athlete 03,428
03/04/2018,Athlete 04,213
03/04/2018,Athlete 05,331
03/04/2018,Athlete 06,213
03/04/2018,Athlete 07,354
03/04/2018,Athlete 08,409
03/04/2018,Athlete 09,301
03/04/2018,Athlete 10,346
03/04/2018,Athlete 11,357
03/04/2018,Athlete 12,317
03/04/2018,Athlete 13,245
03/04/2018,Athlete 14,410
03/04/2018,Athlete 15,415
03/04/2018,Athlete 16,409
03/04/2018,Athlete 17,334
03/04/2018,Athlete 18,219
03/04/2018,Athlete 19,429
03/04/2018,Athlete 20,341
04/04/2018,Athlete 01,444
04/04/2018,Athlete 02,214
04/04/2018,Athlete 03,394
04/04/2018,Athlete 04,208
04/04/2018,Athlete 05,490
04/04/2018,Athlete 06,224
04/04/2018,Athlete 07,388
04/04/2018,Athlete 08,307
04/04/2018,Athlete 09,316
04/04/2018,Athlete 10,216
04/04/2018,Athlete 11,233
04/04/2018,Athlete 12,379
04/04/2018,Athlete 13,247
04/04/2018,Athlete 14,394
04/04/2018,Athlete 15,235
04/04/2018,Athlete 16,276
04/04/2018,Athlete 17,468
04/04/2018,Athlete 18,415
04/04/2018,Athlete 19,467
04/04/2018,Athlete 20,313
05/04/2018,Athlete 01,340
05/04/2018,Athlete 02,290
05/04/2018,Athlete 03,459
05/04/2018,Athlete 04,327
05/04/2018,Athlete 05,362
05/04/2018,Athlete 06,333
05/04/2018,Athlete 07,423
05/04/2018,Athlete 08,263
05/04/2018,Athlete 09,206
05/04/2018,Athlete 10,400
05/04/2018,Athlete 11,353
05/04/2018,Athlete 12,372
05/04/2018,Athlete 13,297
05/04/2018,Athlete 14,331
05/04/2018,Athlete 15,440
05/04/2018,Athlete 16,237
05/04/2018,Athlete 17,269
05/04/2018,Athlete 18,241
05/04/2018,Athlete 19,482
05/04/2018,Athlete 20,230
06/04/2018,Athlete 01,316
06/04/2018,Athlete 02,369
06/04/2018,Athlete 03,417
06/04/2018,Athlete 04,245
06/04/2018,Athlete 05,279
06/04/2018,Athlete 06,362
06/04/2018,Athlete 07,432
06/04/2018,Athlete 08,330
06/04/2018,Athlete 09,433
06/04/2018,Athlete 10,210
06/04/2018,Athlete 11,202
06/04/2018,Athlete 12,462
06/04/2018,Athlete 13,221
06/04/2018,Athlete 14,380
06/04/2018,Athlete 15,319
06/04/2018,Athlete 16,321
06/04/2018,Athlete 17,227
06/04/2018,Athlete 18,416
06/04/2018,Athlete 19,453
06/04/2018,Athlete 20,384
07/04/2018,Athlete 01,378
07/04/2018,Athlete 02,370
07/04/2018,Athlete 03,294
07/04/2018,Athlete 04,341
07/04/2018,Athlete 05,208
07/04/2018,Athlete 06,296
07/04/2018,Athlete 07,287
07/04/2018,Athlete 08,225
07/04/2018,Athlete 09,440
07/04/2018,Athlete 10,335
07/04/2018,Athlete 11,392
07/04/2018,Athlete 12,272
07/04/2018,Athlete 13,374
07/04/2018,Athlete 14,397
07/04/2018,Athlete 15,297
07/04/2018,Athlete 16,464
07/04/2018,Athlete 17,450
07/04/2018,Athlete 18,210
07/04/2018,Athlete 19,402
07/04/2018,Athlete 20,360
08/04/2018,Athlete 01,340
08/04/2018,Athlete 02,430
08/04/2018,Athlete 03,408
08/04/2018,Athlete 04,494
08/04/2018,Athlete 05,341
08/04/2018,Athlete 06,229
08/04/2018,Athlete 07,310
08/04/2018,Athlete 08,410
08/04/2018,Athlete 09,438
08/04/2018,Athlete 10,460
08/04/2018,Athlete 11,372
08/04/2018,Athlete 12,360
08/04/2018,Athlete 13,188
08/04/2018,Athlete 14,266
08/04/2018,Athlete 15,409
08/04/2018,Athlete 16,499
08/04/2018,Athlete 17,443
08/04/2018,Athlete 18,220
08/04/2018,Athlete 19,355
08/04/2018,Athlete 20,407
09/04/2018,Athlete 01,330
09/04/2018,Athlete 02,246
09/04/2018,Athlete 03,320
09/04/2018,Athlete 04,407
09/04/2018,Athlete 05,293
09/04/2018,Athlete 06,230
09/04/2018,Athlete 07,402
09/04/2018,Athlete 08,465
09/04/2018,Athlete 09,430
09/04/2018,Athlete 10,491
09/04/2018,Athlete 11,346
09/04/2018,Athlete 12,387
09/04/2018,Athlete 13,188
09/04/2018,Athlete 14,227
09/04/2018,Athlete 15,355
09/04/2018,Athlete 16,416
09/04/2018,Athlete 17,384
09/04/2018,Athlete 18,443
09/04/2018,Athlete 19,317
09/04/2018,Athlete 20,369
10/04/2018,Athlete 01,209
10/04/2018,Athlete 02,394
10/04/2018,Athlete 03,200
10/04/2018,Athlete 04,380
10/04/2018,Athlete 05,443
10/04/2018,Athlete 06,415
10/04/2018,Athlete 07,276
10/04/2018,Athlete 08,346
10/04/2018,Athlete 09,388
10/04/2018,Athlete 10,441
10/04/2018,Athlete 11,238
10/04/2018,Athlete 12,188
10/04/2018,Athlete 13,432
10/04/2018,Athlete 14,433
10/04/2018,Athlete 15,429
10/04/2018,Athlete 16,453
10/04/2018,Athlete 17,278
10/04/2018,Athlete 18,187
10/04/2018,Athlete 19,480
10/04/2018,Athlete 20,443
11/04/2018,Athlete 01,266
11/04/2018,Athlete 02,207
11/04/2018,Athlete 03,280
11/04/2018,Athlete 04,404
11/04/2018,Athlete 05,302
11/04/2018,Athlete 06,407
11/04/2018,Athlete 07,446
11/04/2018,Athlete 08,327
11/04/2018,Athlete 09,414
11/04/2018,Athlete 10,465
11/04/2018,Athlete 11,231
11/04/2018,Athlete 12,282
11/04/2018,Athlete 13,271
11/04/2018,Athlete 14,192
11/04/2018,Athlete 15,490
11/04/2018,Athlete 16,238
11/04/2018,Athlete 17,481
11/04/2018,Athlete 18,207
11/04/2018,Athlete 19,224
11/04/2018,Athlete 20,382
12/04/2018,Athlete 01,490
12/04/2018,Athlete 02,249
12/04/2018,Athlete 03,345
12/04/2018,Athlete 04,419
12/04/2018,Athlete 05,245
12/04/2018,Athlete 06,308
12/04/2018,Athlete 07,191
12/04/2018,Athlete 08,428
12/04/2018,Athlete 09,245
12/04/2018,Athlete 10,498
12/04/2018,Athlete 11,419
12/04/2018,Athlete 12,242
12/04/2018,Athlete 13,193
12/04/2018,Athlete 14,259
12/04/2018,Athlete 15,316
12/04/2018,Athlete 16,464
12/04/2018,Athlete 17,338
12/04/2018,Athlete 18,282
12/04/2018,Athlete 19,315
12/04/2018,Athlete 20,436
13/04/2018,Athlete 01,411
13/04/2018,Athlete 02,281
13/04/2018,Athlete 03,461
13/04/2018,Athlete 04,390
13/04/2018,Athlete 05,306
13/04/2018,Athlete 06,417
13/04/2018,Athlete 07,384
13/04/2018,Athlete 08,300
13/04/2018,Athlete 09,345
13/04/2018,Athlete 10,450
13/04/2018,Athlete 11,325
13/04/2018,Athlete 12,340
13/04/2018,Athlete 13,423
13/04/2018,Athlete 14,250
13/04/2018,Athlete 15,271
13/04/2018,Athlete 16,365
13/04/2018,Athlete 17,464
13/04/2018,Athlete 18,472
13/04/2018,Athlete 19,315
13/04/2018,Athlete 20,426
14/04/2018,Athlete 01,210
14/04/2018,Athlete 02,362
14/04/2018,Athlete 03,317
14/04/2018,Athlete 04,191
14/04/2018,Athlete 05,419
14/04/2018,Athlete 06,265
14/04/2018,Athlete 07,423
14/04/2018,Athlete 08,380
14/04/2018,Athlete 09,374
14/04/2018,Athlete 10,233
14/04/2018,Athlete 11,488
14/04/2018,Athlete 12,425
14/04/2018,Athlete 13,196
14/04/2018,Athlete 14,465
14/04/2018,Athlete 15,366
14/04/2018,Athlete 16,320
14/04/2018,Athlete 17,331
14/04/2018,Athlete 18,433
14/04/2018,Athlete 19,236
14/04/2018,Athlete 20,487
15/04/2018,Athlete 01,208
15/04/2018,Athlete 02,477
15/04/2018,Athlete 03,482
15/04/2018,Athlete 04,328
15/04/2018,Athlete 05,459
15/04/2018,Athlete 06,290
15/04/2018,Athlete 07,343
15/04/2018,Athlete 08,314
15/04/2018,Athlete 09,306
15/04/2018,Athlete 10,207
15/04/2018,Athlete 11,388
15/04/2018,Athlete 12,464
15/04/2018,Athlete 13,372
15/04/2018,Athlete 14,219
15/04/2018,Athlete 15,217
15/04/2018,Athlete 16,475
15/04/2018,Athlete 17,214
15/04/2018,Athlete 18,213
15/04/2018,Athlete 19,454
15/04/2018,Athlete 20,230
16/04/2018,Athlete 01,303
16/04/2018,Athlete 02,449
16/04/2018,Athlete 03,284
16/04/2018,Athlete 04,298
16/04/2018,Athlete 05,265
16/04/2018,Athlete 06,456
16/04/2018,Athlete 07,425
16/04/2018,Athlete 08,294
16/04/2018,Athlete 09,441
16/04/2018,Athlete 10,190
16/04/2018,Athlete 11,484
16/04/2018,Athlete 12,321
16/04/2018,Athlete 13,410
16/04/2018,Athlete 14,194
16/04/2018,Athlete 15,337
16/04/2018,Athlete 16,334
16/04/2018,Athlete 17,464
16/04/2018,Athlete 18,463
16/04/2018,Athlete 19,209
16/04/2018,Athlete 20,419
17/04/2018,Athlete 01,188
17/04/2018,Athlete 02,426
17/04/2018,Athlete 03,284
17/04/2018,Athlete 04,221
17/04/2018,Athlete 05,417
17/04/2018,Athlete 06,466
17/04/2018,Athlete 07,453
17/04/2018,Athlete 08,230
17/04/2018,Athlete 09,417
17/04/2018,Athlete 10,215
17/04/2018,Athlete 11,431
17/04/2018,Athlete 12,183
17/04/2018,Athlete 13,193
17/04/2018,Athlete 14,326
17/04/2018,Athlete 15,470
17/04/2018,Athlete 16,450
17/04/2018,Athlete 17,478
17/04/2018,Athlete 18,228
17/04/2018,Athlete 19,351
17/04/2018,Athlete 20,201
18/04/2018,Athlete 01,240
18/04/2018,Athlete 02,360
18/04/2018,Athlete 03,194
18/04/2018,Athlete 04,394
18/04/2018,Athlete 05,291
18/04/2018,Athlete 06,428
18/04/2018,Athlete 07,317
18/04/2018,Athlete 08,458
18/04/2018,Athlete 09,290
18/04/2018,Athlete 10,470
18/04/2018,Athlete 11,384
18/04/2018,Athlete 12,194
18/04/2018,Athlete 13,232
18/04/2018,Athlete 14,186
18/04/2018,Athlete 15,320
18/04/2018,Athlete 16,329
18/04/2018,Athlete 17,248
18/04/2018,Athlete 18,192
18/04/2018,Athlete 19,292
18/04/2018,Athlete 20,270
19/04/2018,Athlete 01,246
19/04/2018,Athlete 02,452
19/04/2018,Athlete 03,464
19/04/2018,Athlete 04,397
19/04/2018,Athlete 05,386
19/04/2018,Athlete 06,315
19/04/2018,Athlete 07,283
19/04/2018,Athlete 08,345
19/04/2018,Athlete 09,253
19/04/2018,Athlete 10,339
19/04/2018,Athlete 11,380
19/04/2018,Athlete 12,360
19/04/2018,Athlete 13,458
19/04/2018,Athlete 14,423
19/04/2018,Athlete 15,235
19/04/2018,Athlete 16,256
19/04/2018,Athlete 17,475
19/04/2018,Athlete 18,244
19/04/2018,Athlete 19,402
19/04/2018,Athlete 20,497
20/04/2018,Athlete 01,226
20/04/2018,Athlete 02,445
20/04/2018,Athlete 03,441
20/04/2018,Athlete 04,489
20/04/2018,Athlete 05,182
20/04/2018,Athlete 06,425
20/04/2018,Athlete 07,474
20/04/2018,Athlete 08,357
20/04/2018,Athlete 09,271
20/04/2018,Athlete 10,190
20/04/2018,Athlete 11,384
20/04/2018,Athlete 12,221
20/04/2018,Athlete 13,452
20/04/2018,Athlete 14,238
20/04/2018,Athlete 15,258
20/04/2018,Athlete 16,229
20/04/2018,Athlete 17,304
20/04/2018,Athlete 18,476
20/04/2018,Athlete 19,272
20/04/2018,Athlete 20,293
21/04/2018,Athlete 01,474
21/04/2018,Athlete 02,422
21/04/2018,Athlete 03,443
21/04/2018,Athlete 04,346
21/04/2018,Athlete 05,324
21/04/2018,Athlete 06,376
21/04/2018,Athlete 07,204
21/04/2018,Athlete 08,338
21/04/2018,Athlete 09,487
21/04/2018,Athlete 10,180
21/04/2018,Athlete 11,325
21/04/2018,Athlete 12,292
21/04/2018,Athlete 13,494
21/04/2018,Athlete 14,496
21/04/2018,Athlete 15,349
21/04/2018,Athlete 16,243
21/04/2018,Athlete 17,185
21/04/2018,Athlete 18,442
21/04/2018,Athlete 19,296
21/04/2018,Athlete 20,435
22/04/2018,Athlete 01,318
22/04/2018,Athlete 02,477
22/04/2018,Athlete 03,308
22/04/2018,Athlete 04,341
22/04/2018,Athlete 05,297
22/04/2018,Athlete 06,458
22/04/2018,Athlete 07,276
22/04/2018,Athlete 08,497
22/04/2018,Athlete 09,346
22/04/2018,Athlete 10,382
22/04/2018,Athlete 11,428
22/04/2018,Athlete 12,493
22/04/2018,Athlete 13,236
22/04/2018,Athlete 14,482
22/04/2018,Athlete 15,259
22/04/2018,Athlete 16,208
22/04/2018,Athlete 17,358
22/04/2018,Athlete 18,454
22/04/2018,Athlete 19,264
22/04/2018,Athlete 20,376
23/04/2018,Athlete 01,389
23/04/2018,Athlete 02,215
23/04/2018,Athlete 03,197
23/04/2018,Athlete 04,442
23/04/2018,Athlete 05,244
23/04/2018,Athlete 06,457
23/04/2018,Athlete 07,384
23/04/2018,Athlete 08,425
23/04/2018,Athlete 09,230
23/04/2018,Athlete 10,413
23/04/2018,Athlete 11,392
23/04/2018,Athlete 12,378
23/04/2018,Athlete 13,475
23/04/2018,Athlete 14,409
23/04/2018,Athlete 15,352
23/04/2018,Athlete 16,474
23/04/2018,Athlete 17,201
23/04/2018,Athlete 18,476
23/04/2018,Athlete 19,355
23/04/2018,Athlete 20,495
24/04/2018,Athlete 01,234
24/04/2018,Athlete 02,358
24/04/2018,Athlete 03,379
24/04/2018,Athlete 04,255
24/04/2018,Athlete 05,434
24/04/2018,Athlete 06,475
24/04/2018,Athlete 07,368
24/04/2018,Athlete 08,459
24/04/2018,Athlete 09,474
24/04/2018,Athlete 10,325
24/04/2018,Athlete 11,451
24/04/2018,Athlete 12,446
24/04/2018,Athlete 13,480
24/04/2018,Athlete 14,442
24/04/2018,Athlete 15,385
24/04/2018,Athlete 16,437
24/04/2018,Athlete 17,190
24/04/2018,Athlete 18,209
24/04/2018,Athlete 19,273
24/04/2018,Athlete 20,444
25/04/2018,Athlete 01,184
25/04/2018,Athlete 02,458
25/04/2018,Athlete 03,259
25/04/2018,Athlete 04,499
25/04/2018,Athlete 05,289
25/04/2018,Athlete 06,407
25/04/2018,Athlete 07,356
25/04/2018,Athlete 08,328
25/04/2018,Athlete 09,419
25/04/2018,Athlete 10,322
25/04/2018,Athlete 11,301
25/04/2018,Athlete 12,204
25/04/2018,Athlete 13,210
25/04/2018,Athlete 14,452
25/04/2018,Athlete 15,398
25/04/2018,Athlete 16,305
25/04/2018,Athlete 17,285
25/04/2018,Athlete 18,339
25/04/2018,Athlete 19,430
25/04/2018,Athlete 20,435
26/04/2018,Athlete 01,465
26/04/2018,Athlete 02,495
26/04/2018,Athlete 03,191
26/04/2018,Athlete 04,201
26/04/2018,Athlete 05,195
26/04/2018,Athlete 06,380
26/04/2018,Athlete 07,189
26/04/2018,Athlete 08,280
26/04/2018,Athlete 09,444
26/04/2018,Athlete 10,271
26/04/2018,Athlete 11,450
26/04/2018,Athlete 12,476
26/04/2018,Athlete 13,478
26/04/2018,Athlete 14,387
26/04/2018,Athlete 15,310
26/04/2018,Athlete 16,382
26/04/2018,Athlete 17,317
26/04/2018,Athlete 18,230
26/04/2018,Athlete 19,407
26/04/2018,Athlete 20,393
27/04/2018,Athlete 01,462
27/04/2018,Athlete 02,457
27/04/2018,Athlete 03,332
27/04/2018,Athlete 04,439
27/04/2018,Athlete 05,317
27/04/2018,Athlete 06,222
27/04/2018,Athlete 07,451
27/04/2018,Athlete 08,211
27/04/2018,Athlete 09,351
27/04/2018,Athlete 10,358
27/04/2018,Athlete 11,423
27/04/2018,Athlete 12,354
27/04/2018,Athlete 13,224
27/04/2018,Athlete 14,329
27/04/2018,Athlete 15,474
27/04/2018,Athlete 16,298
27/04/2018,Athlete 17,493
27/04/2018,Athlete 18,399
27/04/2018,Athlete 19,340
27/04/2018,Athlete 20,364
28/04/2018,Athlete 01,185
28/04/2018,Athlete 02,351
28/04/2018,Athlete 03,252
28/04/2018,Athlete 04,218
28/04/2018,Athlete 05,193
28/04/2018,Athlete 06,276
28/04/2018,Athlete 07,197
28/04/2018,Athlete 08,316
28/04/2018,Athlete 09,182
28/04/2018,Athlete 10,340
28/04/2018,Athlete 11,499
28/04/2018,Athlete 12,468
28/04/2018,Athlete 13,189
28/04/2018,Athlete 14,318
28/04/2018,Athlete 15,315
28/04/2018,Athlete 16,444
28/04/2018,Athlete 17,410
28/04/2018,Athlete 18,493
28/04/2018,Athlete 19,266
28/04/2018,Athlete 20,291
29/04/2018,Athlete 01,227
29/04/2018,Athlete 02,270
29/04/2018,Athlete 03,339
29/04/2018,Athlete 04,359
29/04/2018,Athlete 05,389
29/04/2018,Athlete 06,198
29/04/2018,Athlete 07,254
29/04/2018,Athlete 08,417
29/04/2018,Athlete 09,328
29/04/2018,Athlete 10,265
29/04/2018,Athlete 11,430
29/04/2018,Athlete 12,329
29/04/2018,Athlete 13,215
29/04/2018,Athlete 14,354
29/04/2018,Athlete 15,232
29/04/2018,Athlete 16,242
29/04/2018,Athlete 17,376
29/04/2018,Athlete 18,464
29/04/2018,Athlete 19,395
29/04/2018,Athlete 20,372
30/04/2018,Athlete 01,224
30/04/2018,Athlete 02,335
30/04/2018,Athlete 03,367
30/04/2018,Athlete 04,356
30/04/2018,Athlete 05,281
30/04/2018,Athlete 06,226
30/04/2018,Athlete 07,358
30/04/2018,Athlete 08,487
30/04/2018,Athlete 09,351
30/04/2018,Athlete 10,350
30/04/2018,Athlete 11,297
30/04/2018,Athlete 12,220
30/04/2018,Athlete 13,291
30/04/2018,Athlete 14,436
30/04/2018,Athlete 15,330
30/04/2018,Athlete 16,408
30/04/2018,Athlete 17,412
30/04/2018,Athlete 18,401
30/04/2018,Athlete 19,395
30/04/2018,Athlete 20,185
01/05/2018,Athlete 01,479
01/05/2018,Athlete 02,345
01/05/2018,Athlete 03,262
01/05/2018,Athlete 04,314
01/05/2018,Athlete 05,371
01/05/2018,Athlete 06,287
01/05/2018,Athlete 07,290
01/05/2018,Athlete 08,308
01/05/2018,Athlete 09,326
01/05/2018,Athlete 10,248
01/05/2018,Athlete 11,210
01/05/2018,Athlete 12,369
01/05/2018,Athlete 13,455
01/05/2018,Athlete 14,488
01/05/2018,Athlete 15,344
01/05/2018,Athlete 16,266
01/05/2018,Athlete 17,214
01/05/2018,Athlete 18,435
01/05/2018,Athlete 19,207
01/05/2018,Athlete 20,346
02/05/2018,Athlete 01,186
02/05/2018,Athlete 02,422
02/05/2018,Athlete 03,258
02/05/2018,Athlete 04,243
02/05/2018,Athlete 05,256
02/05/2018,Athlete 06,182
02/05/2018,Athlete 07,290
02/05/2018,Athlete 08,361
02/05/2018,Athlete 09,486
02/05/2018,Athlete 10,368
02/05/2018,Athlete 11,459
02/05/2018,Athlete 12,196
02/05/2018,Athlete 13,378
02/05/2018,Athlete 14,207
02/05/2018,Athlete 15,430
02/05/2018,Athlete 16,233
02/05/2018,Athlete 17,490
02/05/2018,Athlete 18,342
02/05/2018,Athlete 19,494
02/05/2018,Athlete 20,299
03/05/2018,Athlete 01,498
03/05/2018,Athlete 02,350
03/05/2018,Athlete 03,208
03/05/2018,Athlete 04,364
03/05/2018,Athlete 05,496
03/05/2018,Athlete 06,186
03/05/2018,Athlete 07,267
03/05/2018,Athlete 08,266
03/05/2018,Athlete 09,348
03/05/2018,Athlete 10,462
03/05/2018,Athlete 11,488
03/05/2018,Athlete 12,307
03/05/2018,Athlete 13,373
03/05/2018,Athlete 14,474
03/05/2018,Athlete 15,434
03/05/2018,Athlete 16,295
03/05/2018,Athlete 17,259
03/05/2018,Athlete 18,403
03/05/2018,Athlete 19,209
03/05/2018,Athlete 20,257
04/05/2018,Athlete 01,356
04/05/2018,Athlete 02,385
04/05/2018,Athlete 03,312
04/05/2018,Athlete 04,208
04/05/2018,Athlete 05,448
04/05/2018,Athlete 06,467
04/05/2018,Athlete 07,480
04/05/2018,Athlete 08,198
04/05/2018,Athlete 09,273
04/05/2018,Athlete 10,289
04/05/2018,Athlete 11,255
04/05/2018,Athlete 12,424
04/05/2018,Athlete 13,257
04/05/2018,Athlete 14,345
04/05/2018,Athlete 15,203
04/05/2018,Athlete 16,261
04/05/2018,Athlete 17,270
04/05/2018,Athlete 18,449
04/05/2018,Athlete 19,191
04/05/2018,Athlete 20,392
05/05/2018,Athlete 01,242
05/05/2018,Athlete 02,222
05/05/2018,Athlete 03,330
05/05/2018,Athlete 04,239
05/05/2018,Athlete 05,267
05/05/2018,Athlete 06,467
05/05/2018,Athlete 07,244
05/05/2018,Athlete 08,267
05/05/2018,Athlete 09,305
05/05/2018,Athlete 10,268
05/05/2018,Athlete 11,292
05/05/2018,Athlete 12,329
05/05/2018,Athlete 13,346
05/05/2018,Athlete 14,451
05/05/2018,Athlete 15,486
05/05/2018,Athlete 16,493
05/05/2018,Athlete 17,236
05/05/2018,Athlete 18,202
05/05/2018,Athlete 19,455
05/05/2018,Athlete 20,487
06/05/2018,Athlete 01,296
06/05/2018,Athlete 02,271
06/05/2018,Athlete 03,254
06/05/2018,Athlete 04,198
06/05/2018,Athlete 05,292
06/05/2018,Athlete 06,406
06/05/2018,Athlete 07,386
06/05/2018,Athlete 08,229
06/05/2018,Athlete 09,430
06/05/2018,Athlete 10,293
06/05/2018,Athlete 11,483
06/05/2018,Athlete 12,259
06/05/2018,Athlete 13,486
06/05/2018,Athlete 14,384
06/05/2018,Athlete 15,212
06/05/2018,Athlete 16,489
06/05/2018,Athlete 17,292
06/05/2018,Athlete 18,371
06/05/2018,Athlete 19,282
06/05/2018,Athlete 20,330
07/05/2018,Athlete 01,458
07/05/2018,Athlete 02,257
07/05/2018,Athlete 03,385
07/05/2018,Athlete 04,390
07/05/2018,Athlete 05,222
07/05/2018,Athlete 06,408
07/05/2018,Athlete 07,357
07/05/2018,Athlete 08,369
07/05/2018,Athlete 09,253
07/05/2018,Athlete 10,376
07/05/2018,Athlete 11,252
07/05/2018,Athlete 12,188
07/05/2018,Athlete 13,489
07/05/2018,Athlete 14,282
07/05/2018,Athlete 15,394
07/05/2018,Athlete 16,207
07/05/2018,Athlete 17,304
07/05/2018,Athlete 18,281
07/05/2018,Athlete 19,451
07/05/2018,Athlete 20,375
08/05/2018,Athlete 01,388
08/05/2018,Athlete 02,215
08/05/2018,Athlete 03,308
08/05/2018,Athlete 04,185
08/05/2018,Athlete 05,426
08/05/2018,Athlete 06,360
08/05/2018,Athlete 07,287
08/05/2018,Athlete 08,184
08/05/2018,Athlete 09,295
08/05/2018,Athlete 10,237
08/05/2018,Athlete 11,192
08/05/2018,Athlete 12,444
08/05/2018,Athlete 13,229
08/05/2018,Athlete 14,269
08/05/2018,Athlete 15,350
08/05/2018,Athlete 16,439
08/05/2018,Athlete 17,489
08/05/2018,Athlete 18,479
08/05/2018,Athlete 19,324
08/05/2018,Athlete 20,242
09/05/2018,Athlete 01,195
09/05/2018,Athlete 02,305
09/05/2018,Athlete 03,471
09/05/2018,Athlete 04,482
09/05/2018,Athlete 05,245
09/05/2018,Athlete 06,282
09/05/2018,Athlete 07,426
09/05/2018,Athlete 08,290
09/05/2018,Athlete 09,210
09/05/2018,Athlete 10,496
09/05/2018,Athlete 11,492
09/05/2018,Athlete 12,305
09/05/2018,Athlete 13,326
09/05/2018,Athlete 14,279
09/05/2018,Athlete 15,286
09/05/2018,Athlete 16,299
09/05/2018,Athlete 17,460
09/05/2018,Athlete 18,184
09/05/2018,Athlete 19,481
09/05/2018,Athlete 20,466
10/05/2018,Athlete 01,259
10/05/2018,Athlete 02,392
10/05/2018,Athlete 03,407
10/05/2018,Athlete 04,413
10/05/2018,Athlete 05,461
10/05/2018,Athlete 06,236
10/05/2018,Athlete 07,400
10/05/2018,Athlete 08,334
10/05/2018,Athlete 09,309
10/05/2018,Athlete 10,249
10/05/2018,Athlete 11,369
10/05/2018,Athlete 12,372
10/05/2018,Athlete 13,457
10/05/2018,Athlete 14,423
10/05/2018,Athlete 15,420
10/05/2018,Athlete 16,366
10/05/2018,Athlete 17,320
10/05/2018,Athlete 18,486
10/05/2018,Athlete 19,318
10/05/2018,Athlete 20,459
11/05/2018,Athlete 01,410
11/05/2018,Athlete 02,258
11/05/2018,Athlete 03,458
11/05/2018,Athlete 04,419
11/05/2018,Athlete 05,352
11/05/2018,Athlete 06,184
11/05/2018,Athlete 07,236
11/05/2018,Athlete 08,192
11/05/2018,Athlete 09,184
11/05/2018,Athlete 10,375
11/05/2018,Athlete 11,345
11/05/2018,Athlete 12,408
11/05/2018,Athlete 13,473
11/05/2018,Athlete 14,419
11/05/2018,Athlete 15,397
11/05/2018,Athlete 16,492
11/05/2018,Athlete 17,485
11/05/2018,Athlete 18,212
11/05/2018,Athlete 19,216
11/05/2018,Athlete 20,483
12/05/2018,Athlete 01,229
12/05/2018,Athlete 02,324
12/05/2018,Athlete 03,204
12/05/2018,Athlete 04,215
12/05/2018,Athlete 05,483
12/05/2018,Athlete 06,408
12/05/2018,Athlete 07,419
12/05/2018,Athlete 08,240
12/05/2018,Athlete 09,289
12/05/2018,Athlete 10,371
12/05/2018,Athlete 11,348
12/05/2018,Athlete 12,413
12/05/2018,Athlete 13,240
12/05/2018,Athlete 14,420
12/05/2018,Athlete 15,457
12/05/2018,Athlete 16,443
12/05/2018,Athlete 17,181
12/05/2018,Athlete 18,368
12/05/2018,Athlete 19,273
12/05/2018,Athlete 20,196
13/05/2018,Athlete 01,408
13/05/2018,Athlete 02,391
13/05/2018,Athlete 03,414
13/05/2018,Athlete 04,341
13/05/2018,Athlete 05,185
13/05/2018,Athlete 06,270
13/05/2018,Athlete 07,428
13/05/2018,Athlete 08,379
13/05/2018,Athlete 09,462
13/05/2018,Athlete 10,193
13/05/2018,Athlete 11,307
13/05/2018,Athlete 12,438
13/05/2018,Athlete 13,325
13/05/2018,Athlete 14,200
13/05/2018,Athlete 15,441
13/05/2018,Athlete 16,246
13/05/2018,Athlete 17,243
13/05/2018,Athlete 18,389
13/05/2018,Athlete 19,229
13/05/2018,Athlete 20,368
14/05/2018,Athlete 01,244
14/05/2018,Athlete 02,293
14/05/2018,Athlete 03,410
14/05/2018,Athlete 04,243
14/05/2018,Athlete 05,379
14/05/2018,Athlete 06,371
14/05/2018,Athlete 07,358
14/05/2018,Athlete 08,329
14/05/2018,Athlete 09,470
14/05/2018,Athlete 10,438
14/05/2018,Athlete 11,351
14/05/2018,Athlete 12,180
14/05/2018,Athlete 13,311
14/05/2018,Athlete 14,341
14/05/2018,Athlete 15,432
14/05/2018,Athlete 16,318
14/05/2018,Athlete 17,219
14/05/2018,Athlete 18,310
14/05/2018,Athlete 19,269
14/05/2018,Athlete 20,451
15/05/2018,Athlete 01,338
15/05/2018,Athlete 02,386
15/05/2018,Athlete 03,237
15/05/2018,Athlete 04,322
15/05/2018,Athlete 05,422
15/05/2018,Athlete 06,203
15/05/2018,Athlete 07,296
15/05/2018,Athlete 08,451
15/05/2018,Athlete 09,237
15/05/2018,Athlete 10,216
15/05/2018,Athlete 11,376
15/05/2018,Athlete 12,451
15/05/2018,Athlete 13,375
15/05/2018,Athlete 14,434
15/05/2018,Athlete 15,425
15/05/2018,Athlete 16,449
15/05/2018,Athlete 17,316
15/05/2018,Athlete 18,244
15/05/2018,Athlete 19,418
15/05/2018,Athlete 20,306
16/05/2018,Athlete 01,428
16/05/2018,Athlete 02,299
16/05/2018,Athlete 03,431
16/05/2018,Athlete 04,441
16/05/2018,Athlete 05,464
16/05/2018,Athlete 06,357
16/05/2018,Athlete 07,398
16/05/2018,Athlete 08,186
16/05/2018,Athlete 09,457
16/05/2018,Athlete 10,448
16/05/2018,Athlete 11,410
16/05/2018,Athlete 12,433
16/05/2018,Athlete 13,398
16/05/2018,Athlete 14,312
16/05/2018,Athlete 15,288
16/05/2018,Athlete 16,436
16/05/2018,Athlete 17,234
16/05/2018,Athlete 18,187
16/05/2018,Athlete 19,223
16/05/2018,Athlete 20,210
17/05/2018,Athlete 01,360
17/05/2018,Athlete 02,453
17/05/2018,Athlete 03,363
17/05/2018,Athlete 04,297
17/05/2018,Athlete 05,257
17/05/2018,Athlete 06,198
17/05/2018,Athlete 07,400
17/05/2018,Athlete 08,459
17/05/2018,Athlete 09,359
17/05/2018,Athlete 10,259
17/05/2018,Athlete 11,180
17/05/2018,Athlete 12,286
17/05/2018,Athlete 13,236
17/05/2018,Athlete 14,373
17/05/2018,Athlete 15,312
17/05/2018,Athlete 16,377
17/05/2018,Athlete 17,398
17/05/2018,Athlete 18,189
17/05/2018,Athlete 19,373
17/05/2018,Athlete 20,472
18/05/2018,Athlete 01,333
18/05/2018,Athlete 02,368
18/05/2018,Athlete 03,274
18/05/2018,Athlete 04,351
18/05/2018,Athlete 05,439
18/05/2018,Athlete 06,434
18/05/2018,Athlete 07,488
18/05/2018,Athlete 08,412
18/05/2018,Athlete 09,428
18/05/2018,Athlete 10,395
18/05/2018,Athlete 11,327
18/05/2018,Athlete 12,210
18/05/2018,Athlete 13,181
18/05/2018,Athlete 14,359
18/05/2018,Athlete 15,314
18/05/2018,Athlete 16,374
18/05/2018,Athlete 17,390
18/05/2018,Athlete 18,282
18/05/2018,Athlete 19,247
18/05/2018,Athlete 20,474
19/05/2018,Athlete 01,458
19/05/2018,Athlete 02,356
19/05/2018,Athlete 03,471
19/05/2018,Athlete 04,368
19/05/2018,Athlete 05,473
19/05/2018,Athlete 06,356
19/05/2018,Athlete 07,268
19/05/2018,Athlete 08,284
19/05/2018,Athlete 09,336
19/05/2018,Athlete 10,378
19/05/2018,Athlete 11,290
19/05/2018,Athlete 12,311
19/05/2018,Athlete 13,264
19/05/2018,Athlete 14,399
19/05/2018,Athlete 15,347
19/05/2018,Athlete 16,366
19/05/2018,Athlete 17,309
19/05/2018,Athlete 18,271
19/05/2018,Athlete 19,180
19/05/2018,Athlete 20,443
20/05/2018,Athlete 01,387
20/05/2018,Athlete 02,230
20/05/2018,Athlete 03,483
20/05/2018,Athlete 04,293
20/05/2018,Athlete 05,367
20/05/2018,Athlete 06,356
20/05/2018,Athlete 07,261
20/05/2018,Athlete 08,443
20/05/2018,Athlete 09,351
20/05/2018,Athlete 10,346
20/05/2018,Athlete 11,305
20/05/2018,Athlete 12,221
20/05/2018,Athlete 13,444
20/05/2018,Athlete 14,251
20/05/2018,Athlete 15,474
20/05/2018,Athlete 16,407
20/05/2018,Athlete 17,182
20/05/2018,Athlete 18,206
20/05/2018,Athlete 19,386
20/05/2018,Athlete 20,202

