Player Display Name,Session Date,Distance Total,Distance Per Min,High Speed Running,Sprints,Accelerations Z3 to Z6,Deceleration Z3 to Z6,Dynamic Stress Load
Peter Jones,01/01/2018,7750.9333,54.62,12.59,5,126,124,797.946
Alan Peters,01/01/2018,8341.4254,58.77,63.73,18,110,103,332.435
Terrance O'Reilly,01/01/2018,5410.878,38.34,0,4,85,100,450.3385
Fabien Ortez,01/01/2018,3182.7477,23.02,14.1,4,57,40,154.4365
Julia Jones,01/01/2018,4539.4118,32.16,0,3,52,51,209.423
Wal Watson,01/01/2018,3820.1273,27.83,13.52,5,54,48,194.973
Chris Buckets,01/01/2018,650.375,84.25,16.04,1,8,7,429.7685
Horace Jones,01/01/2018,3801.0335,28.57,0,2,40,42,252.0165
Sally Maxwell,01/01/2018,4623.5673,33.5,0,2,74,79,494.462
Devin Cotchel,01/01/2018,3625.1479,25.86,20.82,4,53,55,244.7405
Andy Fredricks,01/01/2018,7930.824,56.44,76.75,9,139,122,487.492
Felix Cuppers,01/01/2018,3636.9575,64.08,2.48,9,68,70,554.234
Wilson Watson,01/01/2018,5357.9042,47.35,50.37,9,63,57,266.832
Rose Bowl,01/01/2018,5010.4043,35.58,16.14,2,73,81,336.158
Trunk Cousins,01/01/2018,3888.1777,43,0,2,51,50,241.689
Sparrow Piper,01/01/2018,5569.5695,39.4,0,7,78,79,411.587
Peter Jones,02/01/2018,8309.9333,67.62,12.59,9,118,131,731.946
Alan Peters,02/01/2018,9941.4254,46.77,66.73,16,107,101,457.435
Terrance O'Reilly,02/01/2018,4683.878,49.34,4,8,91,94,474.3385
Fabien Ortez,02/01/2018,1210.7477,33.02,5.1,3,57,44,197.4365
Julia Jones,02/01/2018,3704.4118,14.16,6,6,60,54,322.423
Wal Watson,02/01/2018,4561.1273,24.83,11.52,1,50,49,318.973
Chris Buckets,02/01/2018,1349.375,93.25,12.04,1,9,8,546.7685
Horace Jones,02/01/2018,5036.0335,43.57,10,2,44,49,156.0165
Sally Maxwell,02/01/2018,3218.5673,30.5,1,4,79,86,601.462
Devin Cotchel,02/01/2018,4763.1479,35.86,13.82,8,52,58,114.7405
Andy Fredricks,02/01/2018,9083.824,70.44,70.75,6,145,117,519.492
Felix Cuppers,02/01/2018,4192.9575,80.08,2.48,5,61,72,603.234
Wilson Watson,02/01/2018,3612.9042,28.35,53.37,13,69,61,306.832
Rose Bowl,02/01/2018,4217.4043,29.58,25.14,1,66,83,287.158
Trunk Cousins,02/01/2018,3144.1777,55,7,2,56,52,347.689
Sparrow Piper,02/01/2018,6994.5695,51.4,3,11,81,86,329.587
Peter Jones,04/01/2018,8710.9333,45.62,10.59,9,107,126,692.946
Alan Peters,04/01/2018,12978.4254,44.77,55.73,24,109,102,715.435
Terrance O'Reilly,04/01/2018,2815.878,13.34,8,7,76,96,434.3385
Fabien Ortez,04/01/2018,1924.7477,30.02,11.1,4,61,47,133.4365
Julia Jones,04/01/2018,7463.4118,4.84,20,11,59,57,247.423
Wal Watson,04/01/2018,5003.1273,41.83,17.52,4,44,52,184.973
Chris Buckets,04/01/2018,1456.625,106.25,11.04,3,10,19,286.7685
Horace Jones,04/01/2018,7194.0335,42.57,5,0,57,57,100.9835
Sally Maxwell,04/01/2018,1577.5673,27.5,6,2,77,87,745.462
Devin Cotchel,04/01/2018,5156.1479,50.86,23.82,5,48,55,335.7405
Andy Fredricks,04/01/2018,6646.824,70.44,72.75,11,149,113,360.492
Felix Cuppers,04/01/2018,4586.9575,59.08,14.48,3,66,80,589.234
Wilson Watson,04/01/2018,3107.9042,10.35,54.37,16,61,56,559.832
Rose Bowl,04/01/2018,3283.4043,8.58,28.14,2,76,85,177.158
Trunk Cousins,04/01/2018,5411.1777,59,8,1,65,56,273.689
Sparrow Piper,04/01/2018,8855.5695,45.4,11,7,77,90,481.587
Peter Jones,05/01/2018,10143.9333,26.62,9.59,13,102,129,551.946
Alan Peters,05/01/2018,13754.4254,40.77,49.73,26,108,98,805.435
Terrance O'Reilly,05/01/2018,2351.878,0.34,18,5,75,92,509.3385
Fabien Ortez,05/01/2018,1982.7477,36.02,9.1,7,68,45,174.4365
Julia Jones,05/01/2018,6182.4118,17.84,29,7,52,63,355.423
Wal Watson,05/01/2018,6532.1273,22.83,27.52,6,52,59,202.973
Chris Buckets,05/01/2018,1945.625,102.25,17.04,1,14,13,161.7685
Horace Jones,05/01/2018,8880.0335,27.57,2,0,49,58,180.9835
Sally Maxwell,05/01/2018,25.5673,19.5,15,0,69,82,701.462
Devin Cotchel,05/01/2018,5288.1479,37.86,19.82,2,56,57,414.7405
Andy Fredricks,05/01/2018,8508.824,54.44,79.75,7,152,118,234.492
Felix Cuppers,05/01/2018,5890.9575,78.08,8.48,1,64,87,687.234
Wilson Watson,05/01/2018,2534.9042,6.65,59.37,18,58,55,569.832
Rose Bowl,05/01/2018,4306.4043,17.58,24.14,1,76,79,164.158
Trunk Cousins,05/01/2018,6549.1777,41,4,5,65,50,198.689
Sparrow Piper,05/01/2018,10068.5695,30.4,7,9,80,91,464.587
Peter Jones,06/01/2018,8912.9333,21.62,18.59,17,110,128,618.946
Alan Peters,06/01/2018,12408.4254,31.77,47.73,28,114,97,735.435
Terrance O'Reilly,06/01/2018,2867.878,16.66,11,2,80,92,495.3385
Fabien Ortez,06/01/2018,2384.7477,44.02,16.1,10,69,50,29.4365
Julia Jones,06/01/2018,6484.4118,32.84,19,9,46,63,308.423
Wal Watson,06/01/2018,8322.1273,23.83,21.52,3,57,58,193.973
Chris Buckets,06/01/2018,2133.625,114.25,26.04,4,11,11,164.7685
Horace Jones,06/01/2018,10265.0335,10.57,4,1,52,62,151.9835
Sally Maxwell,06/01/2018,1088.4327,4.5,18,1,73,80,677.462
Devin Cotchel,06/01/2018,3948.1479,42.86,10.82,6,60,63,432.7405
Andy Fredricks,06/01/2018,8312.824,43.44,69.75,10,145,112,369.492
Felix Cuppers,06/01/2018,6699.9575,59.08,8.48,3,65,85,665.234
Wilson Watson,06/01/2018,3794.9042,0.35,62.37,22,51,50,461.832
Rose Bowl,06/01/2018,4219.4043,28.58,25.14,1,76,76,189.158
Trunk Cousins,06/01/2018,5073.1777,53,3,4,66,44,308.689
Sparrow Piper,06/01/2018,8361.5695,38.4,17,6,82,92,520.587
Peter Jones,08/01/2018,8151.9333,27.62,10.59,19,109,127,566.946
Alan Peters,08/01/2018,10835.4254,11.77,54.73,20,114,101,720.435
Terrance O'Reilly,08/01/2018,2426.878,39.66,7,3,86,87,491.3385
Fabien Ortez,08/01/2018,2291.7477,28.02,14.1,13,71,48,206.4365
Julia Jones,08/01/2018,3904.4118,43.84,32,4,35,72,334.423
Wal Watson,08/01/2018,9143.1273,21.83,28.52,2,59,50,360.973
Chris Buckets,08/01/2018,1035.625,129.25,35.04,2,5,14,32.7685
Horace Jones,08/01/2018,11423.0335,8.43,14,2,59,59,393.9835
Sally Maxwell,08/01/2018,1460.4327,1.5,29,1,71,78,438.462
Devin Cotchel,08/01/2018,5046.1479,30.86,11.82,6,61,57,595.7405
Andy Fredricks,08/01/2018,6127.824,60.44,68.75,11,141,112,410.492
Felix Cuppers,08/01/2018,5614.9575,74.08,6.52,8,74,94,578.234
Wilson Watson,08/01/2018,5338.9042,1.35,48.37,17,58,56,467.832
Rose Bowl,08/01/2018,5028.4043,33.58,29.14,5,84,71,274.158
Trunk Cousins,08/01/2018,7541.1777,28,6,2,73,43,129.689
Sparrow Piper,08/01/2018,8994.5695,59.4,1,1,92,93,438.587
Peter Jones,09/01/2018,7595.9333,40.62,12.59,17,114,124,444.946
Alan Peters,09/01/2018,9975.4254,13.77,51.73,17,108,98,730.435
Terrance O'Reilly,09/01/2018,1453.878,44.66,3,5,94,81,456.3385
Fabien Ortez,09/01/2018,909.7477,19.02,13.1,16,68,42,295.4365
Julia Jones,09/01/2018,5296.4118,28.84,37,0,37,79,298.423
Wal Watson,09/01/2018,10841.1273,30.83,27.52,3,65,44,472.973
Chris Buckets,09/01/2018,1237.625,142.25,27.04,3,1,12,154.7685
Horace Jones,09/01/2018,11925.0335,4.43,4,2,54,65,383.9835
Sally Maxwell,09/01/2018,1331.4327,1.5,27,3,66,85,542.462
Devin Cotchel,09/01/2018,6650.1479,34.86,17.82,5,53,53,528.7405
Andy Fredricks,09/01/2018,6217.824,46.44,72.75,8,137,106,525.492
Felix Cuppers,09/01/2018,5141.9575,81.08,8.52,10,76,101,637.234
Wilson Watson,09/01/2018,4001.9042,8.35,41.37,14,54,58,342.832
Rose Bowl,09/01/2018,6187.4043,48.58,19.14,9,83,78,279.158
Trunk Cousins,09/01/2018,7721.1777,17,2,5,71,49,276.689
Sparrow Piper,09/01/2018,10290.5695,59.4,11,3,85,100,306.587
Peter Jones,11/01/2018,7745.9333,57.62,24.59,20,116,120,623.946
Alan Peters,11/01/2018,8561.4254,18.77,57.73,16,96,92,700.435
Terrance O'Reilly,11/01/2018,1637.878,54.66,12,3,89,78,546.3385
Fabien Ortez,11/01/2018,383.7477,22.02,17.1,17,80,43,372.4365
Julia Jones,11/01/2018,7715.4118,27.84,38,5,46,73,167.423
Wal Watson,11/01/2018,9666.1273,27.83,21.52,2,55,40,438.973
Chris Buckets,11/01/2018,1816.625,158.25,19.04,2,1,26,380.7685
Horace Jones,11/01/2018,13294.0335,7.43,3,3,58,67,372.9835
Sally Maxwell,11/01/2018,158.5673,7.5,23,7,70,76,515.462
Devin Cotchel,11/01/2018,8007.1479,31.86,15.82,5,53,46,646.7405
Andy Fredricks,11/01/2018,3067.824,43.44,60.75,4,134,108,727.492
Felix Cuppers,11/01/2018,8469.9575,68.08,17.52,16,76,98,605.234
Wilson Watson,11/01/2018,5225.9042,17.35,46.37,10,44,60,408.832
Rose Bowl,11/01/2018,5750.4043,39.58,18.14,11,78,80,215.158
Trunk Cousins,11/01/2018,7109.1777,1,15,3,75,50,82.689
Sparrow Piper,11/01/2018,10931.5695,41.4,6,0,87,107,345.587
Peter Jones,12/01/2018,6406.9333,63.62,34.59,17,112,125,680.946
Alan Peters,12/01/2018,7827.4254,11.77,49.73,16,91,89,686.435
Terrance O'Reilly,12/01/2018,3077.878,34.66,14,6,90,73,448.3385
Fabien Ortez,12/01/2018,1331.2523,31.02,7.1,18,88,45,506.4365
Julia Jones,12/01/2018,8861.4118,10.84,33,2,42,76,282.423
Wal Watson,12/01/2018,11011.1273,46.83,14.52,0,54,34,337.973
Chris Buckets,12/01/2018,2372.625,177.25,12.04,0,2,32,295.7685
Horace Jones,12/01/2018,12001.0335,4.43,2,4,59,70,349.9835
Sally Maxwell,12/01/2018,1122.5673,9.5,26,5,75,80,544.462
Devin Cotchel,12/01/2018,6405.1479,50.86,25.82,1,46,53,652.7405
Andy Fredricks,12/01/2018,1773.824,56.44,56.75,2,142,113,636.492
Felix Cuppers,12/01/2018,9640.9575,77.08,13.52,15,68,100,590.234
Wilson Watson,12/01/2018,7107.9042,13.35,41.37,8,43,60,329.832
Rose Bowl,12/01/2018,5376.4043,57.58,24.14,9,79,84,69.158
Trunk Cousins,12/01/2018,8242.1777,14,24,7,81,50,106.689
Sparrow Piper,12/01/2018,12052.5695,61.4,15,0,91,110,462.587
Peter Jones,13/01/2018,5371.9333,83.62,25.59,15,120,125,731.946
Alan Peters,13/01/2018,7339.4254,10.77,39.73,13,85,91,577.435
Terrance O'Reilly,13/01/2018,4135.878,54.66,14,6,97,72,395.3385
Fabien Ortez,13/01/2018,1923.2523,42.02,11.1,20,86,52,646.4365
Julia Jones,13/01/2018,7023.4118,21.84,32,4,37,77,264.423
Wal Watson,13/01/2018,12303.1273,46.83,7.52,2,49,32,314.973
Chris Buckets,13/01/2018,3510.625,195.25,2.04,2,5,36,209.7685
Horace Jones,13/01/2018,11129.0335,5.57,10,7,56,65,385.9835
Sally Maxwell,13/01/2018,254.4327,6.5,25,5,76,76,430.462
Devin Cotchel,13/01/2018,7565.1479,49.86,33.82,1,38,59,666.7405
Andy Fredricks,13/01/2018,3339.824,64.44,58.75,2,134,109,488.492
Felix Cuppers,13/01/2018,7684.9575,91.08,15.52,14,64,104,638.234
Wilson Watson,13/01/2018,7791.9042,20.35,36.37,12,35,66,301.832
Rose Bowl,13/01/2018,5531.4043,63.58,24.14,8,76,83,72.158
Trunk Cousins,13/01/2018,7634.1777,30,28,9,75,57,4.311
Sparrow Piper,13/01/2018,11881.5695,62.4,5,1,87,109,333.587
Peter Jones,15/01/2018,5831.9333,108.62,32.59,20,117,125,745.946
Alan Peters,15/01/2018,10636.4254,45.77,44.73,12,96,91,627.435
Terrance O'Reilly,15/01/2018,5105.878,22.66,7,5,102,68,198.3385
Fabien Ortez,15/01/2018,630.2523,39.02,7.1,19,89,50,652.4365
Julia Jones,15/01/2018,3402.4118,16.84,48,7,47,78,278.423
Wal Watson,15/01/2018,13972.1273,34.83,1.52,6,45,29,71.973
Chris Buckets,15/01/2018,2352.625,167.25,11.04,0,6,38,38.7685
Horace Jones,15/01/2018,9194.0335,16.43,18,14,66,78,406.9835
Sally Maxwell,15/01/2018,119.5673,0.5,41,3,78,80,174.462
Devin Cotchel,15/01/2018,9575.1479,29.86,39.82,5,31,61,679.7405
Andy Fredricks,15/01/2018,5128.824,79.44,57.75,6,128,104,604.492
Felix Cuppers,15/01/2018,8445.9575,52.08,10.52,9,74,104,496.234
Wilson Watson,15/01/2018,4511.9042,34.35,37.37,18,31,63,179.832
Rose Bowl,15/01/2018,2789.4043,53.58,14.14,4,78,86,88.842
Trunk Cousins,15/01/2018,7095.1777,42,31,14,60,55,82.311
Sparrow Piper,15/01/2018,11704.5695,69.4,5,3,83,114,300.587
Peter Jones,16/01/2018,5202.9333,104.62,37.59,19,122,120,747.946
Alan Peters,16/01/2018,12409.4254,51.77,54.73,12,90,88,636.435
Terrance O'Reilly,16/01/2018,6064.878,9.66,1,7,106,75,238.3385
Fabien Ortez,16/01/2018,1207.7477,37.02,15.1,16,93,44,588.4365
Julia Jones,16/01/2018,4240.4118,25.84,57,9,54,72,301.423
Wal Watson,16/01/2018,14177.1273,48.83,0.52,8,46,33,65.027
Chris Buckets,16/01/2018,1856.625,165.25,5.04,2,5,34,59.2315
Horace Jones,16/01/2018,9181.0335,9.43,26,14,74,77,330.9835
Sally Maxwell,16/01/2018,53.5673,17.5,44,1,84,87,302.462
Devin Cotchel,16/01/2018,8303.1479,36.86,33.82,7,25,59,815.7405
Andy Fredricks,16/01/2018,5317.824,71.44,50.75,9,127,102,745.492
Felix Cuppers,16/01/2018,6752.9575,49.08,15.52,10,73,109,628.234
Wilson Watson,16/01/2018,4275.9042,49.35,42.37,20,38,64,261.832
Rose Bowl,16/01/2018,1957.4043,50.58,4.14,5,84,86,53.158
Trunk Cousins,16/01/2018,6300.1777,55,39,14,66,57,42.311
Sparrow Piper,16/01/2018,12559.5695,75.4,1,6,86,117,319.587
Peter Jones,18/01/2018,6689.9333,112.62,23.59,14,129,124,677.946
Alan Peters,18/01/2018,10908.4254,81.77,51.73,4,98,76,763.435
Terrance O'Reilly,18/01/2018,9993.878,10.34,6,9,109,83,135.3385
Fabien Ortez,18/01/2018,3816.7477,47.02,17.1,12,91,38,436.4365
Julia Jones,18/01/2018,3791.4118,47.84,59,5,62,61,336.423
Wal Watson,18/01/2018,14713.1273,21.83,5.48,11,46,38,200.027
Chris Buckets,18/01/2018,3150.625,178.25,0.04,5,11,38,66.2315
Horace Jones,18/01/2018,8784.0335,8.43,14,13,84,84,434.9835
Sally Maxwell,18/01/2018,608.4327,9.5,38,8,72,86,430.462
Devin Cotchel,18/01/2018,10550.1479,38.86,25.82,7,21,62,970.7405
Andy Fredricks,18/01/2018,8429.824,75.44,55.75,5,129,109,848.492
Felix Cuppers,18/01/2018,9087.9575,70.08,28.52,12,67,106,457.234
Wilson Watson,18/01/2018,2191.9042,62.35,34.37,22,38,64,378.832
Rose Bowl,18/01/2018,2437.4043,51.58,9.14,8,86,91,86.158
Trunk Cousins,18/01/2018,7835.1777,45,46,10,79,59,51.311
Sparrow Piper,18/01/2018,16418.5695,64.4,10,6,93,118,427.587
Peter Jones,19/01/2018,7969.9333,105.62,26.59,16,126,131,731.946
Alan Peters,19/01/2018,12594.4254,73.77,50.73,7,98,79,879.435
Terrance O'Reilly,19/01/2018,10749.878,27.34,10,6,117,79,44.3385
Fabien Ortez,19/01/2018,4482.7477,30.02,23.1,8,84,32,328.4365
Julia Jones,19/01/2018,5787.4118,63.84,67,3,56,67,471.423
Wal Watson,19/01/2018,13697.1273,16.83,15.48,15,48,40,205.027
Chris Buckets,19/01/2018,4923.625,158.25,6.96,4,17,43,158.2315
Horace Jones,19/01/2018,9683.0335,11.43,5,14,86,85,347.9835
Sally Maxwell,19/01/2018,2042.4327,13.5,47,9,64,84,361.462
Devin Cotchel,19/01/2018,9557.1479,37.86,28.82,11,20,65,1073.7405
Andy Fredricks,19/01/2018,8337.824,72.44,64.75,1,126,103,872.492
Felix Cuppers,19/01/2018,7325.9575,83.08,18.52,14,68,102,332.234
Wilson Watson,19/01/2018,1921.9042,81.35,37.37,23,38,63,236.832
Rose Bowl,19/01/2018,1130.4043,37.58,18.14,12,79,97,145.158
Trunk Cousins,19/01/2018,8438.1777,56,42,12,72,65,27.689
Sparrow Piper,19/01/2018,16275.5695,44.4,13,5,96,118,570.587
Peter Jones,20/01/2018,8972.9333,98.62,27.59,17,131,126,643.946
Alan Peters,20/01/2018,13137.4254,78.77,41.73,9,98,78,737.435
Terrance O'Reilly,20/01/2018,11966.878,10.34,8,6,109,86,182.3385
Fabien Ortez,20/01/2018,5785.7477,24.02,24.1,4,84,39,262.4365
Julia Jones,20/01/2018,6310.4118,66.84,77,4,64,72,490.423
Wal Watson,20/01/2018,13169.1273,1.83,5.48,13,49,47,78.027
Chris Buckets,20/01/2018,5056.625,167.25,16.96,2,11,48,255.2315
Horace Jones,20/01/2018,11354.0335,8.57,4,10,84,86,487.9835
Sally Maxwell,20/01/2018,3437.4327,0.5,52,12,68,82,240.462
Devin Cotchel,20/01/2018,11406.1479,28.86,24.82,10,23,59,940.7405
Andy Fredricks,20/01/2018,8159.824,64.44,74.75,1,129,103,932.492
Felix Cuppers,20/01/2018,5796.9575,77.08,17.52,14,73,99,462.234
Wilson Watson,20/01/2018,1251.9042,99.35,46.37,20,43,65,184.832
Rose Bowl,20/01/2018,1217.4043,36.58,28.14,15,77,104,61.158
Trunk Cousins,20/01/2018,7518.1777,72,52,16,76,63,99.311
Sparrow Piper,20/01/2018,16999.5695,30.4,5,9,104,115,690.587
Peter Jones,22/01/2018,10686.9333,112.62,21.59,20,142,126,600.946
Alan Peters,22/01/2018,12936.4254,52.77,41.73,14,85,76,656.435
Terrance O'Reilly,22/01/2018,12982.878,15.34,0,3,115,78,36.3385
Fabien Ortez,22/01/2018,5407.7477,11.02,29.1,3,91,40,124.4365
Julia Jones,22/01/2018,6192.4118,61.84,80,0,62,84,520.423
Wal Watson,22/01/2018,13672.1273,10.17,0.48,11,53,38,89.027
Chris Buckets,22/01/2018,8068.625,178.25,9.96,0,3,49,124.2315
Horace Jones,22/01/2018,13033.0335,35.57,8,3,83,90,572.9835
Sally Maxwell,22/01/2018,6205.4327,25.5,47,5,79,85,389.462
Devin Cotchel,22/01/2018,10678.1479,17.86,41.82,8,16,66,743.7405
Andy Fredricks,22/01/2018,10076.824,42.44,84.75,5,126,117,718.492
Felix Cuppers,22/01/2018,4481.9575,103.08,16.52,15,77,95,490.234
Wilson Watson,22/01/2018,523.9042,110.35,56.37,21,42,56,200.832
Rose Bowl,22/01/2018,2215.5957,43.58,22.14,16,67,108,102.842
Trunk Cousins,22/01/2018,8564.1777,66,56,15,76,64,315.311
Sparrow Piper,22/01/2018,16562.5695,43.4,0,9,101,118,684.587
Peter Jones,23/01/2018,10809.9333,107.62,21.59,18,138,128,584.946
Alan Peters,23/01/2018,13316.4254,61.77,45.73,12,84,72,629.435
Terrance O'Reilly,23/01/2018,13844.878,27.34,10,5,107,78,59.6615
Fabien Ortez,23/01/2018,4338.7477,28.02,31.1,3,89,37,230.4365
Julia Jones,23/01/2018,7274.4118,41.84,81,2,61,83,564.423
Wal Watson,23/01/2018,12674.1273,2.83,9.48,10,49,40,13.027
Chris Buckets,23/01/2018,7978.625,184.25,8.96,1,1,52,214.2315
Horace Jones,23/01/2018,11066.0335,54.57,11,2,76,96,620.9835
Sally Maxwell,23/01/2018,7495.4327,24.5,43,5,71,84,384.462
Devin Cotchel,23/01/2018,9586.1479,2.14,47.82,5,22,61,731.7405
Andy Fredricks,23/01/2018,9465.824,50.44,77.75,2,121,120,661.492
Felix Cuppers,23/01/2018,3954.9575,96.08,13.52,19,83,89,423.234
Wilson Watson,23/01/2018,134.9042,126.35,55.37,17,45,62,52.832
Rose Bowl,23/01/2018,2716.5957,39.58,28.14,13,63,107,84.842
Trunk Cousins,23/01/2018,9039.1777,67,47,13,74,59,430.311
Sparrow Piper,23/01/2018,17145.5695,43.4,5,12,102,114,702.587
Peter Jones,25/01/2018,12091.9333,92.62,14.59,14,144,124,500.946
Alan Peters,25/01/2018,16152.4254,33.77,30.73,5,84,63,587.435
Terrance O'Reilly,25/01/2018,12122.878,3.66,4,3,100,89,70.3385
Fabien Ortez,25/01/2018,3313.7477,34.02,47.1,1,89,38,316.4365
Julia Jones,25/01/2018,5363.4118,36.84,67,1,56,87,447.423
Wal Watson,25/01/2018,14783.1273,0.83,0.48,6,54,29,68.973
Chris Buckets,25/01/2018,10165.625,152.25,25.96,0,10,42,292.2315
Horace Jones,25/01/2018,9305.0335,53.57,2,2,81,91,518.9835
Sally Maxwell,25/01/2018,7200.4327,26.5,46,6,61,78,548.462
Devin Cotchel,25/01/2018,7353.1479,10.14,55.82,3,14,66,724.7405
Andy Fredricks,25/01/2018,6548.824,34.44,76.75,3,106,123,733.492
Felix Cuppers,25/01/2018,4702.9575,59.08,11.52,23,75,91,664.234
Wilson Watson,25/01/2018,1007.9042,126.35,66.37,9,46,59,174.832
Rose Bowl,25/01/2018,4588.5957,34.58,26.14,8,60,114,161.842
Trunk Cousins,25/01/2018,10409.1777,103,57,19,79,65,423.311
Sparrow Piper,25/01/2018,17921.5695,32.4,5,8,113,116,825.587
Peter Jones,26/01/2018,12656.9333,97.62,24.59,11,140,126,629.946
Alan Peters,26/01/2018,15194.4254,24.77,33.73,1,78,60,631.435
Terrance O'Reilly,26/01/2018,12185.878,10.66,14,4,104,88,70.6615
Fabien Ortez,26/01/2018,2305.7477,18.02,50.1,2,83,32,241.4365
Julia Jones,26/01/2018,4926.4118,30.84,59,5,55,94,539.423
Wal Watson,26/01/2018,16391.1273,0.83,8.48,7,61,26,6.027
Chris Buckets,26/01/2018,10587.625,156.25,26.96,2,2,43,248.2315
Horace Jones,26/01/2018,9283.0335,55.57,9,1,88,96,575.9835
Sally Maxwell,26/01/2018,5551.4327,25.5,44,5,57,81,615.462
Devin Cotchel,26/01/2018,5607.1479,3.14,53.82,0,9,70,798.7405
Andy Fredricks,26/01/2018,4756.824,28.44,86.75,1,100,118,816.492
Felix Cuppers,26/01/2018,5049.9575,46.08,18.52,20,67,97,776.234
Wilson Watson,26/01/2018,459.0958,119.35,70.37,13,54,63,307.832
Rose Bowl,26/01/2018,4457.5957,52.58,25.14,4,54,115,180.842
Trunk Cousins,26/01/2018,10279.1777,119,54,15,87,70,377.311
Sparrow Piper,26/01/2018,16840.5695,42.4,3,8,118,122,821.587
Peter Jones,27/01/2018,13012.9333,107.62,19.59,7,138,123,502.946
Alan Peters,27/01/2018,14384.4254,29.77,29.73,2,85,56,604.435
Terrance O'Reilly,27/01/2018,11983.878,12.66,10,2,97,83,203.6615
Fabien Ortez,27/01/2018,974.7477,1.98,49.1,2,81,29,301.4365
Julia Jones,27/01/2018,4773.4118,36.84,50,3,63,92,648.423
Wal Watson,27/01/2018,14694.1273,9.17,13.48,10,69,23,114.027
Chris Buckets,27/01/2018,12091.625,173.25,34.96,2,9,37,389.2315
Horace Jones,27/01/2018,8040.0335,69.57,7,2,95,101,641.9835
Sally Maxwell,27/01/2018,5301.4327,30.5,42,1,59,82,656.462
Devin Cotchel,27/01/2018,5681.1479,13.86,59.82,0,17,74,742.7405
Andy Fredricks,27/01/2018,4857.824,40.44,86.75,2,92,122,808.492
Felix Cuppers,27/01/2018,5672.9575,27.08,18.52,16,63,93,787.234
Wilson Watson,27/01/2018,735.0958,138.35,76.37,14,53,60,253.832
Rose Bowl,27/01/2018,4510.5957,46.58,18.14,0,55,110,96.842
Trunk Cousins,27/01/2018,10228.1777,117,56,16,92,77,434.311
Sparrow Piper,27/01/2018,16834.5695,51.4,13,4,118,127,848.587
Peter Jones,29/01/2018,13495.9333,119.62,9.59,10,138,131,252.946
Alan Peters,29/01/2018,16925.4254,34.77,49.73,4,87,67,759.435
Terrance O'Reilly,29/01/2018,13285.878,4.34,7,5,109,71,197.6615
Fabien Ortez,29/01/2018,2352.2523,27.98,48.1,1,70,21,294.4365
Julia Jones,29/01/2018,5112.4118,28.84,31,3,61,89,640.423
Wal Watson,29/01/2018,13715.1273,5.83,2.52,9,75,25,310.027
Chris Buckets,29/01/2018,12348.625,155.25,25.96,0,17,34,610.2315
Horace Jones,29/01/2018,7506.0335,42.57,15,5,95,101,585.9835
Sally Maxwell,29/01/2018,3472.4327,29.5,43,7,56,71,836.462
Devin Cotchel,29/01/2018,7226.1479,1.86,59.82,2,22,84,684.7405
Andy Fredricks,29/01/2018,3549.824,72.44,83.75,7,95,121,660.492
Felix Cuppers,29/01/2018,7657.9575,25.08,27.52,12,64,88,692.234
Wilson Watson,29/01/2018,407.9042,133.35,69.37,17,47,63,348.832
Rose Bowl,29/01/2018,3904.5957,60.58,17.14,5,49,114,63.158
Trunk Cousins,29/01/2018,11322.1777,107,70,22,91,84,540.311
Sparrow Piper,29/01/2018,14402.5695,46.4,2,1,124,136,1086.587
Peter Jones,30/01/2018,14567.9333,120.62,12.59,6,134,127,309.946
Alan Peters,30/01/2018,17610.4254,53.77,54.73,2,87,72,896.435
Terrance O'Reilly,30/01/2018,12280.878,13.34,5,8,115,71,184.6615
Fabien Ortez,30/01/2018,2403.2523,16.98,38.1,2,74,21,323.4365
Julia Jones,30/01/2018,4535.4118,18.84,36,4,68,96,543.423
Wal Watson,30/01/2018,15688.1273,1.17,8.52,9,77,23,172.027
Chris Buckets,30/01/2018,11919.625,140.25,33.96,2,17,33,665.2315
Horace Jones,30/01/2018,9432.0335,57.57,14,1,97,104,517.9835
Sally Maxwell,30/01/2018,5196.4327,34.5,39,7,52,78,932.462
Devin Cotchel,30/01/2018,8185.1479,13.14,69.82,6,20,78,711.7405
Andy Fredricks,30/01/2018,5536.824,67.44,83.75,9,97,127,514.492
Felix Cuppers,30/01/2018,8290.9575,22.08,25.52,13,57,83,584.234
Wilson Watson,30/01/2018,742.0958,141.35,79.37,13,49,62,209.832
Rose Bowl,30/01/2018,2924.5957,59.58,26.14,3,55,118,98.158
Trunk Cousins,30/01/2018,12437.1777,109,75,23,83,88,561.311
Sparrow Piper,30/01/2018,16319.5695,54.4,1,5,130,142,964.587
Peter Jones,01/02/2018,11057.9333,80.62,6.59,7,137,129,375.946
Alan Peters,01/02/2018,18993.4254,43.77,62.73,3,85,76,937.435
Terrance O'Reilly,01/02/2018,12643.878,27.34,20,2,116,77,24.3385
Fabien Ortez,01/02/2018,5180.2523,28.98,55.1,4,85,20,174.4365
Julia Jones,01/02/2018,4646.4118,32.84,42,3,56,100,638.423
Wal Watson,01/02/2018,16883.1273,24.17,4.52,11,74,31,219.027
Chris Buckets,01/02/2018,15202.625,123.25,40.96,3,26,33,634.2315
Horace Jones,01/02/2018,8458.0335,39.57,19,0,98,110,478.9835
Sally Maxwell,01/02/2018,6139.4327,22.5,42,11,53,71,886.462
Devin Cotchel,01/02/2018,9818.1479,20.86,73.82,4,21,79,860.7405
Andy Fredricks,01/02/2018,8411.824,81.44,90.75,2,98,126,449.492
Felix Cuppers,01/02/2018,6452.9575,22.08,29.52,9,57,92,579.234
Wilson Watson,01/02/2018,2111.9042,161.35,92.37,12,48,62,208.832
Rose Bowl,01/02/2018,1331.5957,23.58,26.14,5,49,118,127.158
Trunk Cousins,01/02/2018,11770.1777,129,78,29,79,98,532.311
Sparrow Piper,01/02/2018,16742.5695,75.4,8,0,122,135,1054.587
Peter Jones,02/02/2018,11539.9333,85.62,14.59,3,130,125,483.946
Alan Peters,02/02/2018,19996.4254,42.77,70.73,1,85,73,792.435
Terrance O'Reilly,02/02/2018,12872.878,39.34,22,5,111,84,46.3385
Fabien Ortez,02/02/2018,5174.2523,29.98,57.1,5,86,14,64.4365
Julia Jones,02/02/2018,2982.4118,39.84,44,5,53,97,603.423
Wal Watson,02/02/2018,15248.1273,5.17,7.52,11,73,27,72.027
Chris Buckets,02/02/2018,17110.625,107.25,35.96,1,33,36,498.2315
Horace Jones,02/02/2018,8727.0335,47.57,28,4,96,115,418.9835
Sally Maxwell,02/02/2018,4686.4327,11.5,40,14,55,74,900.462
Devin Cotchel,02/02/2018,11262.1479,16.86,64.82,3,27,73,940.7405
Andy Fredricks,02/02/2018,8044.824,84.44,85.75,1,97,122,574.492
Felix Cuppers,02/02/2018,5701.9575,41.08,39.52,7,55,91,627.234
Wilson Watson,02/02/2018,3137.9042,170.35,95.37,8,40,64,75.832
Rose Bowl,02/02/2018,123.4043,24.58,35.14,8,49,119,115.158
Trunk Cousins,02/02/2018,12548.1777,128,88,28,85,105,630.311
Sparrow Piper,02/02/2018,14809.5695,95.4,4,1,122,139,1093.587
Peter Jones,03/02/2018,11915.9333,77.62,12.59,0,131,126,433.946
Alan Peters,03/02/2018,18640.4254,26.77,63.73,3,86,75,861.435
Terrance O'Reilly,03/02/2018,14223.878,44.34,27,4,117,86,119.3385
Fabien Ortez,03/02/2018,7110.2523,38.98,64.1,7,90,20,35.4365
Julia Jones,03/02/2018,4465.4118,51.84,53,9,57,100,617.423
Wal Watson,03/02/2018,16691.1273,0.17,16.52,10,66,23,138.027
Chris Buckets,03/02/2018,16868.625,116.25,32.96,0,38,42,384.2315
Horace Jones,03/02/2018,8094.0335,49.57,34,4,98,113,476.9835
Sally Maxwell,03/02/2018,5901.4327,15.5,31,14,47,81,909.462
Devin Cotchel,03/02/2018,9388.1479,34.86,72.82,1,32,73,983.7405
Andy Fredricks,03/02/2018,6672.824,104.44,82.75,0,105,122,625.492
Felix Cuppers,03/02/2018,7167.9575,55.08,34.52,4,63,97,489.234
Wilson Watson,03/02/2018,2601.9042,175.35,90.37,5,32,58,222.832
Rose Bowl,03/02/2018,1973.4043,15.58,37.14,5,57,113,130.158
Trunk Cousins,03/02/2018,13459.1777,133,89,29,82,103,655.311
Sparrow Piper,03/02/2018,16359.5695,90.4,14,5,114,134,1198.587
Peter Jones,05/02/2018,12252.9333,74.62,15.59,3,139,131,163.946
Alan Peters,05/02/2018,19334.4254,41.77,52.73,2,88,70,916.435
Terrance O'Reilly,05/02/2018,16558.878,15.34,23,6,109,91,333.3385
Fabien Ortez,05/02/2018,4721.2523,23.98,84.1,14,79,22,20.5635
Julia Jones,05/02/2018,5428.4118,69.84,59,4,58,107,457.423
Wal Watson,05/02/2018,15886.1273,34.17,17.52,7,65,29,25.973
Chris Buckets,05/02/2018,18761.625,111.25,38.96,8,36,51,393.2315
Horace Jones,05/02/2018,10058.0335,46.57,34,10,93,117,326.9835
Sally Maxwell,05/02/2018,8964.4327,29.5,28,15,48,91,802.462
Devin Cotchel,05/02/2018,9387.1479,39.86,54.82,2,42,76,854.7405
Andy Fredricks,05/02/2018,7045.824,110.44,83.75,0,100,124,472.492
Felix Cuppers,05/02/2018,9142.9575,71.08,26.52,7,67,96,542.234
Wilson Watson,05/02/2018,1587.9042,160.35,86.37,7,37,62,356.832
Rose Bowl,05/02/2018,1874.4043,25.58,20.14,13,57,105,200.158
Trunk Cousins,05/02/2018,12310.1777,104,101,33,88,108,551.311
Sparrow Piper,05/02/2018,17967.5695,71.4,24,5,123,133,996.587
Peter Jones,06/02/2018,10358.9333,80.62,14.59,1,133,134,85.946
Alan Peters,06/02/2018,20935.4254,30.77,46.73,3,82,76,1019.435
Terrance O'Reilly,06/02/2018,17821.878,15.34,17,7,109,87,225.3385
Fabien Ortez,06/02/2018,3024.2523,20.98,90.1,12,83,18,0.4365
Julia Jones,06/02/2018,4280.4118,53.84,68,4,58,102,523.423
Wal Watson,06/02/2018,17059.1273,22.17,20.52,4,72,27,84.027
Chris Buckets,06/02/2018,18041.625,103.25,39.96,12,38,47,325.2315
Horace Jones,06/02/2018,9738.0335,31.57,35,8,95,122,205.9835
Sally Maxwell,06/02/2018,8730.4327,15.5,25,19,47,98,704.462
Devin Cotchel,06/02/2018,7638.1479,52.86,47.82,6,43,70,837.7405
Andy Fredricks,06/02/2018,5510.824,109.44,78.75,1,98,121,469.492
Felix Cuppers,06/02/2018,9931.9575,56.08,23.52,4,75,103,578.234
Wilson Watson,06/02/2018,352.0958,141.35,96.37,7,41,57,215.832
Rose Bowl,06/02/2018,3190.4043,19.58,13.14,15,60,112,342.158
Trunk Cousins,06/02/2018,11884.1777,91,108,30,80,110,429.311
Sparrow Piper,06/02/2018,18901.5695,89.4,19,7,116,134,1086.587
Peter Jones,08/02/2018,9724.9333,74.62,13.59,4,124,137,22.054
Alan Peters,08/02/2018,22757.4254,9.77,39.73,2,93,84,1034.435
Terrance O'Reilly,08/02/2018,17282.878,28.34,23,12,106,94,412.3385
Fabien Ortez,08/02/2018,6543.2523,1.98,85.1,9,79,11,144.4365
Julia Jones,08/02/2018,5638.4118,35.84,60,5,50,101,442.423
Wal Watson,08/02/2018,15994.1273,38.17,12.52,2,83,20,113.973
Chris Buckets,08/02/2018,20712.625,91.25,51.96,17,33,44,292.2315
Horace Jones,08/02/2018,11841.0335,45.57,22,12,90,118,244.9835
Sally Maxwell,08/02/2018,10291.4327,22.5,25,20,45,93,821.462
Devin Cotchel,08/02/2018,10406.1479,63.86,35.82,0,50,64,609.7405
Andy Fredricks,08/02/2018,6089.824,91.44,70.75,6,107,122,383.492
Felix Cuppers,08/02/2018,8433.9575,58.08,19.52,3,86,101,362.234
Wilson Watson,08/02/2018,2708.9042,108.35,95.37,12,36,59,192.832
Rose Bowl,08/02/2018,3290.4043,31.58,9.14,14,49,110,580.158
Trunk Cousins,08/02/2018,10033.1777,93,114,32,81,105,342.311
Sparrow Piper,08/02/2018,17375.5695,95.4,10,6,110,134,1171.587
Peter Jones,09/02/2018,8109.9333,73.62,12.59,8,122,137,166.054
Alan Peters,09/02/2018,22731.4254,0.23,31.73,6,88,82,946.435
Terrance O'Reilly,09/02/2018,19012.878,13.34,14,11,98,91,409.3385
Fabien Ortez,09/02/2018,6093.2523,15.02,76.1,12,75,15,19.4365
Julia Jones,09/02/2018,4979.4118,42.84,55,4,52,108,448.423
Wal Watson,09/02/2018,14313.1273,47.17,10.52,2,87,20,99.973
Chris Buckets,09/02/2018,21410.625,110.25,55.96,20,38,47,426.2315
Horace Jones,09/02/2018,11709.0335,25.57,14,13,83,114,187.9835
Sally Maxwell,09/02/2018,11542.4327,35.5,26,23,40,91,902.462
Devin Cotchel,09/02/2018,9641.1479,79.86,39.82,4,45,69,755.7405
Andy Fredricks,09/02/2018,6268.824,98.44,69.75,7,101,118,414.492
Felix Cuppers,09/02/2018,8255.9575,60.08,18.52,4,87,98,357.234
Wilson Watson,09/02/2018,3804.9042,88.35,96.37,9,33,59,337.832
Rose Bowl,09/02/2018,3603.4043,15.58,9.14,13,47,107,615.158
Trunk Cousins,09/02/2018,9564.1777,113,118,35,88,102,265.311
Sparrow Piper,09/02/2018,18141.5695,78.4,11,8,106,128,1189.587
Peter Jones,10/02/2018,9139.9333,84.62,15.59,4,118,134,288.054
Alan Peters,10/02/2018,22694.4254,10.23,41.73,3,86,81,1054.435
Terrance O'Reilly,10/02/2018,20213.878,24.34,17,10,94,96,259.3385
Fabien Ortez,10/02/2018,4992.2523,18.02,70.1,9,81,22,60.5635
Julia Jones,10/02/2018,5060.4118,53.84,56,8,49,107,374.423
Wal Watson,10/02/2018,13300.1273,56.17,6.52,4,82,27,47.027
Chris Buckets,10/02/2018,23269.625,102.25,59.96,24,43,51,414.2315
Horace Jones,10/02/2018,11370.0335,40.57,15,14,87,110,114.9835
Sally Maxwell,10/02/2018,12171.4327,46.5,20,24,40,86,986.462
Devin Cotchel,10/02/2018,10223.1479,70.86,31.82,7,46,65,870.7405
Andy Fredricks,10/02/2018,5613.824,102.44,71.75,3,95,121,331.492
Felix Cuppers,10/02/2018,9143.9575,77.08,27.52,0,91,94,476.234
Wilson Watson,10/02/2018,3850.9042,100.35,87.37,9,26,65,343.832
Rose Bowl,10/02/2018,2815.4043,0.58,10.14,16,48,105,722.158
Trunk Cousins,10/02/2018,11344.1777,122,118,33,86,108,198.311
Sparrow Piper,10/02/2018,16912.5695,87.4,4,10,106,126,1169.587
Peter Jones,12/02/2018,11944.9333,84.62,10.59,2,131,140,563.054
Alan Peters,12/02/2018,21258.4254,16.23,48.73,4,94,80,1282.435
Terrance O'Reilly,12/02/2018,22087.878,38.34,15,10,89,103,244.3385
Fabien Ortez,12/02/2018,6266.2523,16.98,70.1,15,81,26,50.4365
Julia Jones,12/02/2018,2205.4118,61.84,43,7,45,101,227.423
Wal Watson,12/02/2018,12750.1273,24.17,6.52,7,71,27,112.973
Chris Buckets,12/02/2018,19527.625,108.25,48.96,22,43,48,478.2315
Horace Jones,12/02/2018,12423.0335,48.57,2,19,92,118,57.9835
Sally Maxwell,12/02/2018,11411.4327,58.5,17,26,39,93,997.462
Devin Cotchel,12/02/2018,9592.1479,45.86,27.82,6,44,60,905.7405
Andy Fredricks,12/02/2018,2117.824,106.44,77.75,6,99,135,496.492
Felix Cuppers,12/02/2018,7200.9575,72.08,29.52,1,89,89,505.234
Wilson Watson,12/02/2018,5364.9042,103.35,91.37,14,27,76,411.832
Rose Bowl,12/02/2018,4210.4043,32.42,15.14,18,53,112,672.158
Trunk Cousins,12/02/2018,12113.1777,130,121,36,91,116,177.311
Sparrow Piper,12/02/2018,18539.5695,89.4,11,6,110,125,1067.587
Peter Jones,13/02/2018,13759.9333,85.62,3.59,5,123,147,652.054
Alan Peters,13/02/2018,20815.4254,14.23,52.73,5,86,79,1135.435
Terrance O'Reilly,13/02/2018,20156.878,25.34,8,14,85,99,367.3385
Fabien Ortez,13/02/2018,5986.2523,21.98,77.1,16,77,26,66.4365
Julia Jones,13/02/2018,2455.4118,44.84,49,9,49,104,276.423
Wal Watson,13/02/2018,10944.1273,22.17,10.52,3,74,27,13.027
Chris Buckets,13/02/2018,20043.625,111.25,54.96,22,48,52,473.2315
Horace Jones,13/02/2018,12524.0335,60.57,4,22,95,121,50.0165
Sally Maxwell,13/02/2018,12645.4327,65.5,25,22,32,95,1073.462
Devin Cotchel,13/02/2018,11124.1479,53.86,26.82,8,41,63,765.7405
Andy Fredricks,13/02/2018,2457.824,121.44,75.75,2,104,140,417.492
Felix Cuppers,13/02/2018,8255.9575,83.08,20.52,2,93,87,604.234
Wilson Watson,13/02/2018,3725.9042,107.35,81.37,16,31,78,522.832
Rose Bowl,13/02/2018,3093.4043,40.42,9.14,19,54,113,819.158
Trunk Cousins,13/02/2018,11622.1777,126,115,37,99,119,310.311
Sparrow Piper,13/02/2018,20374.5695,92.4,6,6,104,125,1127.587
Peter Jones,15/02/2018,13730.9333,87.62,7.59,11,120,147,658.054
Alan Peters,15/02/2018,22586.4254,29.23,55.73,5,87,78,1155.435
Terrance O'Reilly,15/02/2018,21015.878,22.34,6,14,94,91,207.3385
Fabien Ortez,15/02/2018,5623.2523,24.98,74.1,8,86,20,135.4365
Julia Jones,15/02/2018,2429.4118,47.84,59,5,47,93,259.423
Wal Watson,15/02/2018,9039.1273,23.17,26.52,7,83,27,22.027
Chris Buckets,15/02/2018,18551.625,112.25,62.96,27,55,49,296.2315
Horace Jones,15/02/2018,13580.0335,69.57,9,19,96,121,19.9835
Sally Maxwell,15/02/2018,13318.4327,62.5,13,21,23,85,1019.462
Devin Cotchel,15/02/2018,10657.1479,61.86,23.82,13,44,67,1039.7405
Andy Fredricks,15/02/2018,4194.824,126.44,82.75,7,107,144,576.492
Felix Cuppers,15/02/2018,9622.9575,93.08,11.52,1,93,90,492.234
Wilson Watson,15/02/2018,6158.9042,136.35,91.37,13,35,80,578.832
Rose Bowl,15/02/2018,4362.4043,38.42,7.14,13,63,110,841.158
Trunk Cousins,15/02/2018,12709.1777,136,114,36,92,116,263.311
Sparrow Piper,15/02/2018,20198.5695,121.4,17,5,94,124,1030.587
Peter Jones,16/02/2018,15431.9333,81.62,12.59,9,122,145,569.054
Alan Peters,16/02/2018,23416.4254,38.23,65.73,6,90,82,1134.435
Terrance O'Reilly,16/02/2018,20336.878,26.34,4,15,87,87,109.3385
Fabien Ortez,16/02/2018,6861.2523,44.98,65.1,10,88,16,128.4365
Julia Jones,16/02/2018,1328.4118,27.84,60,8,46,95,362.423
Wal Watson,16/02/2018,9199.1273,33.17,33.52,9,86,28,134.027
Chris Buckets,16/02/2018,20076.625,118.25,69.96,29,58,45,314.2315
Horace Jones,16/02/2018,14813.0335,85.57,13,17,89,126,48.9835
Sally Maxwell,16/02/2018,14196.4327,66.5,23,20,18,84,1038.462
Devin Cotchel,16/02/2018,11135.1479,63.86,28.82,14,50,61,960.7405
Andy Fredricks,16/02/2018,3420.824,130.44,83.75,3,102,144,556.492
Felix Cuppers,16/02/2018,8460.9575,99.08,20.52,0,95,87,563.234
Wilson Watson,16/02/2018,6059.9042,145.35,96.37,11,39,86,461.832
Rose Bowl,16/02/2018,3768.4043,43.42,0.14,15,61,104,905.158
Trunk Cousins,16/02/2018,13800.1777,155,124,40,100,111,216.311
Sparrow Piper,16/02/2018,19273.5695,110.4,7,8,88,128,907.587
Peter Jones,17/02/2018,16096.9333,94.62,17.59,11,119,148,450.054
Alan Peters,17/02/2018,24915.4254,26.23,64.73,10,96,79,1142.435
Terrance O'Reilly,17/02/2018,21110.878,13.34,12,19,85,87,85.3385
Fabien Ortez,17/02/2018,6819.2523,30.98,74.1,12,91,13,272.4365
Julia Jones,17/02/2018,1317.4118,25.84,53,9,39,94,462.423
Wal Watson,17/02/2018,10961.1273,17.17,25.52,11,86,31,247.027
Chris Buckets,17/02/2018,19948.625,126.25,67.96,25,64,48,167.2315
Horace Jones,17/02/2018,14845.0335,75.57,4,16,82,133,133.9835
Sally Maxwell,17/02/2018,15991.4327,52.5,17,23,17,87,933.462
Devin Cotchel,17/02/2018,11075.1479,62.86,19.82,14,44,65,993.7405
Andy Fredricks,17/02/2018,3471.824,123.44,79.75,0,99,145,525.492
Felix Cuppers,17/02/2018,7643.9575,81.08,29.52,1,92,82,481.234
Wilson Watson,17/02/2018,4084.9042,160.35,91.37,13,46,90,603.832
Rose Bowl,17/02/2018,3765.4043,41.42,3.86,12,67,108,909.158
Trunk Cousins,17/02/2018,11978.1777,172,127,39,95,106,212.311
Sparrow Piper,17/02/2018,19403.5695,97.4,7,10,89,123,896.587
Peter Jones,19/02/2018,16580.9333,94.62,31.59,10,117,143,534.054
Alan Peters,19/02/2018,26740.4254,8.77,54.73,13,89,79,937.435
Terrance O'Reilly,19/02/2018,20690.878,13.66,15,19,90,96,10.3385
Fabien Ortez,19/02/2018,8590.2523,68.98,76.1,12,88,14,235.4365
Julia Jones,19/02/2018,730.5882,26.84,66,6,40,97,553.423
Wal Watson,19/02/2018,11729.1273,47.17,23.52,9,86,28,402.027
Chris Buckets,19/02/2018,20480.625,124.25,74.96,26,63,50,264.2315
Horace Jones,19/02/2018,15389.0335,59.57,2,16,91,139,149.9835
Sally Maxwell,19/02/2018,16154.4327,65.5,19,25,8,84,855.462
Devin Cotchel,19/02/2018,8791.1479,50.86,24.82,10,38,72,930.7405
Andy Fredricks,19/02/2018,1895.824,96.44,79.75,7,100,141,573.492
Felix Cuppers,19/02/2018,7032.9575,89.08,16.52,0,100,78,540.234
Wilson Watson,19/02/2018,5915.9042,150.35,95.37,13,43,96,685.832
Rose Bowl,19/02/2018,4705.4043,26.42,15.86,13,62,106,890.158
Trunk Cousins,19/02/2018,12726.1777,182,129,40,106,109,158.311
Sparrow Piper,19/02/2018,16984.5695,96.4,0,14,94,121,895.587
Peter Jones,20/02/2018,18432.9333,77.62,30.59,13,118,146,602.054
Alan Peters,20/02/2018,26446.4254,10.77,50.73,12,90,75,1074.435
Terrance O'Reilly,20/02/2018,21469.878,24.66,8,22,88,93,96.6615
Fabien Ortez,20/02/2018,10094.2523,85.98,66.1,15,85,15,216.4365
Julia Jones,20/02/2018,447.5882,20.84,57,2,36,97,602.423
Wal Watson,20/02/2018,10345.1273,35.17,18.52,5,84,29,316.027
Chris Buckets,20/02/2018,20876.625,107.25,66.96,29,62,55,349.2315
Horace Jones,20/02/2018,13830.0335,73.57,2,18,90,145,171.9835
Sally Maxwell,20/02/2018,15796.4327,51.5,28,27,10,88,777.462
Devin Cotchel,20/02/2018,9015.1479,42.86,19.82,8,44,66,829.7405
Andy Fredricks,20/02/2018,3765.824,112.44,85.75,8,98,148,587.492
Felix Cuppers,20/02/2018,8632.9575,86.08,13.52,3,98,79,680.234
Wilson Watson,20/02/2018,5049.9042,144.35,94.37,12,43,94,546.832
Rose Bowl,20/02/2018,4779.4043,20.42,21.86,16,66,110,1040.158
Trunk Cousins,20/02/2018,13789.1777,199,124,38,109,107,295.311
Sparrow Piper,20/02/2018,16194.5695,105.4,10,17,93,115,897.587
Peter Jones,22/02/2018,19585.9333,51.62,18.59,6,118,143,507.054
Alan Peters,22/02/2018,26166.4254,19.77,59.73,13,79,79,981.435
Terrance O'Reilly,22/02/2018,20657.878,46.66,10,26,93,102,5.6615
Fabien Ortez,22/02/2018,11470.2523,84.98,55.1,16,87,11,212.4365
Julia Jones,22/02/2018,849.5882,26.84,42,2,28,103,724.423
Wal Watson,22/02/2018,9859.1273,19.17,10.52,3,89,40,507.027
Chris Buckets,22/02/2018,20624.625,103.25,65.96,29,62,54,359.2315
Horace Jones,22/02/2018,15848.0335,94.57,13,22,90,151,334.9835
Sally Maxwell,22/02/2018,13140.4327,52.5,33,21,14,84,753.462
Devin Cotchel,22/02/2018,10943.1479,54.86,15.82,9,46,63,854.7405
Andy Fredricks,22/02/2018,5922.824,112.44,92.75,10,99,147,489.492
Felix Cuppers,22/02/2018,8868.9575,81.08,11.52,1,104,81,764.234
Wilson Watson,22/02/2018,6607.9042,134.35,103.37,13,51,87,623.832
Rose Bowl,22/02/2018,5945.4043,5.42,25.86,22,57,103,1156.158
Trunk Cousins,22/02/2018,12572.1777,214,110,31,103,104,316.311
Sparrow Piper,22/02/2018,15660.5695,138.4,22,14,82,125,1025.587
Peter Jones,23/02/2018,20364.9333,45.62,21.59,10,126,142,651.054
Alan Peters,23/02/2018,24293.4254,23.77,57.73,16,76,83,863.435
Terrance O'Reilly,23/02/2018,22580.878,64.66,9,28,86,104,36.3385
Fabien Ortez,23/02/2018,11282.2523,99.98,55.1,17,79,12,134.4365
Julia Jones,23/02/2018,648.4118,36.84,48,2,29,107,641.423
Wal Watson,23/02/2018,8690.1273,29.17,14.52,6,83,39,580.027
Chris Buckets,23/02/2018,21202.625,116.25,71.96,30,68,53,398.2315
Horace Jones,23/02/2018,14651.0335,97.57,8,23,84,157,483.9835
Sally Maxwell,23/02/2018,11251.4327,55.5,31,20,8,84,707.462
Devin Cotchel,23/02/2018,9121.1479,72.86,5.82,12,53,64,935.7405
Andy Fredricks,23/02/2018,7808.824,101.44,97.75,10,102,145,606.492
Felix Cuppers,23/02/2018,8525.9575,65.08,5.52,0,98,78,802.234
Wilson Watson,23/02/2018,5326.9042,154.35,105.37,16,51,83,545.832
Rose Bowl,23/02/2018,6149.4043,14.58,28.86,20,65,108,1121.158
Trunk Cousins,23/02/2018,13007.1777,234,105,33,106,103,393.311
Sparrow Piper,23/02/2018,16892.5695,132.4,26,13,74,128,891.587
Peter Jones,24/02/2018,22042.9333,52.62,14.59,8,125,139,626.054
Alan Peters,24/02/2018,24282.4254,13.77,66.73,16,79,90,982.435
Terrance O'Reilly,24/02/2018,24010.878,77.66,16,25,94,103,34.3385
Fabien Ortez,24/02/2018,10715.2523,82.98,47.1,19,85,7,135.4365
Julia Jones,24/02/2018,1820.4118,47.84,49,5,23,105,785.423
Wal Watson,24/02/2018,8206.1273,18.17,19.52,9,86,35,480.027
Chris Buckets,24/02/2018,19648.625,112.25,75.96,32,66,55,473.2315
Horace Jones,24/02/2018,13751.0335,86.57,17,25,84,153,408.9835
Sally Maxwell,24/02/2018,10603.4327,73.5,34,24,2,89,600.462
Devin Cotchel,24/02/2018,8072.1479,90.86,4.82,12,51,62,914.7405
Andy Fredricks,24/02/2018,7842.824,102.44,100.75,13,110,147,639.492
Felix Cuppers,24/02/2018,7707.9575,49.08,14.52,3,103,73,704.234
Wilson Watson,24/02/2018,5042.9042,152.35,108.37,18,54,85,567.832
Rose Bowl,24/02/2018,4931.4043,24.58,35.86,20,71,102,1264.158
Trunk Cousins,24/02/2018,14387.1777,232,96,37,108,108,442.311
Sparrow Piper,24/02/2018,17711.5695,128.4,25,15,77,131,948.587
Peter Jones,26/02/2018,22491.9333,72.62,7.59,2,135,140,618.054
Alan Peters,26/02/2018,21551.4254,6.77,65.73,18,68,85,1012.435
Terrance O'Reilly,26/02/2018,25170.878,77.66,7,28,98,110,34.6615
Fabien Ortez,26/02/2018,8012.2523,79.98,49.1,16,78,4,229.4365
Julia Jones,26/02/2018,3456.4118,35.84,56,5,20,104,1035.423
Wal Watson,26/02/2018,11076.1273,41.17,23.52,9,72,41,455.027
Chris Buckets,26/02/2018,16363.625,90.25,80.96,30,66,56,607.2315
Horace Jones,26/02/2018,11908.0335,84.57,3,30,77,150,362.9835
Sally Maxwell,26/02/2018,11021.4327,63.5,21,22,1,88,509.462
Devin Cotchel,26/02/2018,6220.1479,105.86,0.82,10,50,55,965.7405
Andy Fredricks,26/02/2018,5159.824,101.44,83.75,14,115,157,479.492
Felix Cuppers,26/02/2018,7925.9575,62.08,26.52,0,94,76,721.234
Wilson Watson,26/02/2018,6668.9042,147.35,100.37,14,62,83,307.832
Rose Bowl,26/02/2018,3907.4043,2.58,44.86,19,74,112,1418.158
Trunk Cousins,26/02/2018,14955.1777,237,86,32,113,107,290.311
Sparrow Piper,26/02/2018,17133.5695,134.4,34,16,80,144,1015.587
Peter Jones,27/02/2018,23679.9333,66.62,0.59,4,137,142,533.054
Alan Peters,27/02/2018,23083.4254,26.77,73.73,16,63,91,1105.435
Terrance O'Reilly,27/02/2018,25412.878,86.66,4,32,100,104,103.6615
Fabien Ortez,27/02/2018,7408.2523,61.98,47.1,15,75,4,112.4365
Julia Jones,27/02/2018,2778.4118,50.84,64,4,12,109,908.423
Wal Watson,27/02/2018,12477.1273,52.17,16.52,13,76,45,605.027
Chris Buckets,27/02/2018,16859.625,72.25,78.96,34,74,59,733.2315
Horace Jones,27/02/2018,13777.0335,90.57,1,34,79,152,250.9835
Sally Maxwell,27/02/2018,9717.4327,73.5,23,19,7,82,418.462
Devin Cotchel,27/02/2018,7071.1479,95.86,0.82,13,49,56,1005.7405
Andy Fredricks,27/02/2018,3597.824,103.44,77.75,10,111,155,478.492
Felix Cuppers,27/02/2018,6559.9575,71.08,24.52,1,101,75,705.234
Wilson Watson,27/02/2018,8192.9042,143.35,108.37,14,55,78,320.832
Rose Bowl,27/02/2018,2563.4043,8.42,46.86,16,68,108,1439.158
Trunk Cousins,27/02/2018,14545.1777,236,78,35,106,111,394.311
Sparrow Piper,27/02/2018,17774.5695,129.4,40,18,77,148,867.587
Peter Jones,01/03/2018,24039.9333,71.62,7.41,1,129,140,484.054
Alan Peters,01/03/2018,22130.4254,29.77,87.73,15,58,93,1131.435
Terrance O'Reilly,01/03/2018,24002.878,51.66,10,35,85,107,31.3385
Fabien Ortez,01/03/2018,10196.2523,48.98,63.1,16,85,4,60.4365
Julia Jones,01/03/2018,3110.4118,54.84,70,3,2,102,993.423
Wal Watson,01/03/2018,11178.1273,41.17,20.52,16,80,54,483.027
Chris Buckets,01/03/2018,15879.625,94.25,78.96,36,70,63,795.2315
Horace Jones,01/03/2018,11430.0335,115.57,6,35,75,160,276.9835
Sally Maxwell,01/03/2018,8612.4327,57.5,16,19,5,73,489.462
Devin Cotchel,01/03/2018,8265.1479,58.86,1.82,12,44,55,837.7405
Andy Fredricks,01/03/2018,5006.824,97.44,88.75,15,119,165,375.492
Felix Cuppers,01/03/2018,5784.9575,66.08,25.52,2,99,64,649.234
Wilson Watson,01/03/2018,6173.9042,131.35,118.37,6,63,74,94.832
Rose Bowl,01/03/2018,2628.4043,10.42,36.86,19,72,110,1419.158
Trunk Cousins,01/03/2018,16808.1777,264,63,33,98,119,674.311
Sparrow Piper,01/03/2018,17485.5695,131.4,41,16,79,149,760.587
Peter Jones,02/03/2018,23018.9333,60.62,11.41,2,130,145,528.054
Alan Peters,02/03/2018,20534.4254,16.77,82.73,16,51,95,1076.435
Terrance O'Reilly,02/03/2018,22457.878,51.66,5,31,92,113,53.6615
Fabien Ortez,02/03/2018,10362.2523,43.98,71.1,16,82,0,170.4365
Julia Jones,02/03/2018,4116.4118,55.84,69,2,2,98,1111.423
Wal Watson,02/03/2018,10178.1273,53.17,21.52,13,73,50,579.027
Chris Buckets,02/03/2018,15899.625,103.25,69.96,34,70,59,779.2315
Horace Jones,02/03/2018,11526.0335,106.57,4,36,71,166,154.9835
Sally Maxwell,02/03/2018,8568.4327,66.5,21,15,8,80,576.462
Devin Cotchel,02/03/2018,8301.1479,38.86,7.82,10,44,62,950.7405
Andy Fredricks,02/03/2018,3604.824,116.44,98.75,11,112,172,236.492
Felix Cuppers,02/03/2018,6684.9575,69.08,27.52,5,96,68,794.234
Wilson Watson,02/03/2018,6079.9042,116.35,117.37,9,68,79,175.832
Rose Bowl,02/03/2018,1223.4043,6.42,41.86,20,69,110,1539.158
Trunk Cousins,02/03/2018,18460.1777,256,68,31,91,119,801.311
Sparrow Piper,02/03/2018,18926.5695,147.4,42,20,80,152,787.587
Peter Jones,03/03/2018,22332.9333,43.62,2.41,3,124,150,613.054
Alan Peters,03/03/2018,21645.4254,35.77,83.73,18,53,90,1205.435
Terrance O'Reilly,03/03/2018,22304.878,54.66,4,35,88,120,149.6615
Fabien Ortez,03/03/2018,10087.2523,47.98,78.1,12,86,7,76.4365
Julia Jones,03/03/2018,2307.4118,75.84,74,4,7,105,1030.423
Wal Watson,03/03/2018,8314.1273,43.17,13.52,15,77,52,513.027
Chris Buckets,03/03/2018,16527.625,122.25,74.96,35,67,62,652.2315
Horace Jones,03/03/2018,10932.0335,98.57,7,34,74,161,119.9835
Sally Maxwell,03/03/2018,9701.4327,63.5,26,18,4,83,504.462
Devin Cotchel,03/03/2018,9428.1479,52.86,3.82,14,39,59,868.7405
Andy Fredricks,03/03/2018,2683.824,113.44,100.75,7,114,173,362.492
Felix Cuppers,03/03/2018,5680.9575,89.08,21.52,6,100,73,656.234
Wilson Watson,03/03/2018,7233.9042,116.35,125.37,8,64,73,212.832
Rose Bowl,03/03/2018,2969.4043,0.58,46.86,24,71,114,1490.158
Trunk Cousins,03/03/2018,19962.1777,261,61,34,97,120,710.311
Sparrow Piper,03/03/2018,17673.5695,148.4,40,22,85,146,777.587
Peter Jones,05/03/2018,23819.9333,21.62,8.41,1,120,151,711.054
Alan Peters,05/03/2018,21954.4254,44.77,79.73,18,50,98,1318.435
Terrance O'Reilly,05/03/2018,23420.878,83.66,6,38,78,124,162.6615
Fabien Ortez,05/03/2018,8507.2523,55.98,74.1,19,88,14,90.4365
Julia Jones,05/03/2018,3736.4118,86.84,84,4,4,104,1115.423
Wal Watson,05/03/2018,7076.1273,48.17,13.52,11,75,52,513.027
Chris Buckets,05/03/2018,18496.625,140.25,70.96,36,56,61,713.2315
Horace Jones,05/03/2018,9839.0335,83.57,5,34,77,174,169.9835
Sally Maxwell,05/03/2018,9434.4327,55.5,30,18,7,79,553.462
Devin Cotchel,05/03/2018,9919.1479,24.86,0.82,17,43,66,960.7405
Andy Fredricks,05/03/2018,1823.824,141.44,91.75,7,117,180,579.492
Felix Cuppers,05/03/2018,5188.9575,111.08,18.52,14,98,79,700.234
Wilson Watson,05/03/2018,10149.9042,106.35,144.37,6,65,66,329.832
Rose Bowl,05/03/2018,135.5957,2.58,36.86,25,81,124,1651.158
Trunk Cousins,05/03/2018,17239.1777,240,78,29,87,117,895.311
Sparrow Piper,05/03/2018,17795.5695,150.4,30,27,79,149,742.587
Peter Jones,06/03/2018,25084.9333,22.62,14.41,2,120,148,830.054
Alan Peters,06/03/2018,23079.4254,50.77,75.73,20,54,103,1225.435
Terrance O'Reilly,06/03/2018,22981.878,77.66,6,41,85,125,230.6615
Fabien Ortez,06/03/2018,9313.2523,47.98,81.1,15,86,16,165.4365
Julia Jones,06/03/2018,5231.4118,98.84,76,5,9,102,1176.423
Wal Watson,06/03/2018,5441.1273,55.17,20.52,14,71,50,490.027
Chris Buckets,06/03/2018,19939.625,139.25,61.96,35,52,60,566.2315
Horace Jones,06/03/2018,9463.0335,66.57,12,32,76,180,318.9835
Sally Maxwell,06/03/2018,7657.4327,62.5,30,16,13,78,525.462
Devin Cotchel,06/03/2018,10479.1479,36.86,5.82,18,41,68,962.7405
Andy Fredricks,06/03/2018,1042.824,140.44,99.75,9,121,181,610.492
Felix Cuppers,06/03/2018,3328.9575,126.08,28.52,10,91,79,742.234
Wilson Watson,06/03/2018,9585.9042,97.35,144.37,3,59,65,249.832
Rose Bowl,06/03/2018,1564.4043,16.42,36.86,24,85,127,1543.158
Trunk Cousins,06/03/2018,17158.1777,233,77,30,88,113,797.311
Sparrow Piper,06/03/2018,17965.5695,148.4,21,24,71,151,729.587
Peter Jones,08/03/2018,26873.9333,36.62,16.41,2,123,152,844.054
Alan Peters,08/03/2018,26001.4254,20.77,79.73,12,46,100,1064.435
Terrance O'Reilly,08/03/2018,22548.878,50.66,4,37,85,123,106.6615
Fabien Ortez,08/03/2018,6881.2523,23.98,75.1,16,94,12,220.4365
Julia Jones,08/03/2018,7991.4118,75.84,80,7,9,95,1087.423
Wal Watson,08/03/2018,4827.1273,61.17,25.52,10,61,48,533.027
Chris Buckets,08/03/2018,18431.625,150.25,56.96,35,43,72,774.2315
Horace Jones,08/03/2018,11894.0335,68.57,5,35,74,187,313.9835
Sally Maxwell,08/03/2018,7073.4327,42.5,36,12,10,81,576.462
Devin Cotchel,08/03/2018,12122.1479,40.86,3.18,16,43,74,1085.7405
Andy Fredricks,08/03/2018,1605.824,136.44,89.75,8,124,182,767.492
Felix Cuppers,08/03/2018,2230.9575,162.08,20.52,7,99,83,779.234
Wilson Watson,08/03/2018,10625.9042,66.35,131.37,3,53,64,166.832
Rose Bowl,08/03/2018,636.5957,2.58,39.86,27,81,120,1623.158
Trunk Cousins,08/03/2018,16886.1777,219,79,32,99,117,675.311
Sparrow Piper,08/03/2018,20749.5695,130.4,10,25,74,147,533.587
Peter Jones,09/03/2018,26879.9333,35.62,15.41,2,120,149,811.054
Alan Peters,09/03/2018,25265.4254,28.77,88.73,14,38,96,1092.435
Terrance O'Reilly,09/03/2018,24219.878,50.66,5,35,81,117,157.6615
Fabien Ortez,09/03/2018,4887.2523,38.98,74.1,15,86,12,343.4365
Julia Jones,09/03/2018,7556.4118,81.84,85,10,7,91,1083.423
Wal Watson,09/03/2018,3280.1273,77.17,33.52,12,57,52,516.027
Chris Buckets,09/03/2018,16642.625,146.25,46.96,33,37,73,856.2315
Horace Jones,09/03/2018,12126.0335,70.57,13,37,71,190,426.9835
Sally Maxwell,09/03/2018,6796.4327,23.5,31,14,15,82,599.462
Devin Cotchel,09/03/2018,13297.1479,48.86,12.18,16,38,71,1010.7405
Andy Fredricks,09/03/2018,249.176,117.44,82.75,11,131,184,759.492
Felix Cuppers,09/03/2018,1969.9575,160.08,22.52,11,92,89,710.234
Wilson Watson,09/03/2018,10197.9042,47.35,134.37,2,58,62,39.832
Rose Bowl,09/03/2018,1557.5957,12.42,44.86,25,89,120,1634.158
Trunk Cousins,09/03/2018,17951.1777,239,83,32,93,124,752.311
Sparrow Piper,09/03/2018,20418.5695,118.4,17,23,68,148,390.587
Peter Jones,10/03/2018,26466.9333,33.62,5.41,4,120,144,900.054
Alan Peters,10/03/2018,23432.4254,35.77,78.73,15,44,102,944.435
Terrance O'Reilly,10/03/2018,24457.878,33.66,4,33,84,121,173.6615
Fabien Ortez,10/03/2018,6771.2523,30.98,81.1,17,83,18,284.4365
Julia Jones,10/03/2018,5766.4118,76.84,87,9,4,89,1046.423
Wal Watson,10/03/2018,4124.1273,81.17,23.52,12,61,54,398.027
Chris Buckets,10/03/2018,17613.625,131.25,47.96,31,30,70,976.2315
Horace Jones,10/03/2018,12637.0335,81.57,20,40,78,192,540.9835
Sally Maxwell,10/03/2018,5300.4327,21.5,28,13,22,87,722.462
Devin Cotchel,10/03/2018,14917.1479,59.86,19.18,13,30,70,908.7405
Andy Fredricks,10/03/2018,879.824,104.44,77.75,9,128,182,731.492
Felix Cuppers,10/03/2018,993.9575,167.08,23.52,14,95,96,814.234
Wilson Watson,10/03/2018,9130.9042,35.35,134.37,4,60,63,47.832
Rose Bowl,10/03/2018,2405.5957,0.42,47.86,26,90,115,1509.158
Trunk Cousins,10/03/2018,17221.1777,222,78,35,92,118,615.311
Sparrow Piper,10/03/2018,20314.5695,133.4,8,25,72,149,283.587
Peter Jones,12/03/2018,23644.9333,3.38,2.59,5,125,139,928.054
Alan Peters,12/03/2018,23944.4254,39.77,91.73,13,50,113,792.435
Terrance O'Reilly,12/03/2018,24479.878,53.66,7,37,74,133,283.6615
Fabien Ortez,12/03/2018,6666.2523,18.98,77.1,23,80,12,329.4365
Julia Jones,12/03/2018,6272.4118,76.84,94,4,1,80,1215.423
Wal Watson,12/03/2018,5478.1273,91.17,28.52,17,68,54,379.027
Chris Buckets,12/03/2018,16508.625,136.25,55.96,29,33,71,817.2315
Horace Jones,12/03/2018,14439.0335,103.57,23,41,75,182,451.9835
Sally Maxwell,12/03/2018,1807.4327,20.5,25,15,25,95,497.462
Devin Cotchel,12/03/2018,13702.1479,30.86,16.18,11,35,76,875.7405
Andy Fredricks,12/03/2018,1805.824,111.44,73.75,6,124,182,785.492
Felix Cuppers,12/03/2018,537.9575,133.08,29.52,20,91,104,1054.234
Wilson Watson,12/03/2018,9251.9042,23.35,126.37,4,68,63,120.832
Rose Bowl,12/03/2018,5276.5957,33.42,43.86,27,97,114,1661.158
Trunk Cousins,12/03/2018,16904.1777,195,72,37,89,118,651.311
Sparrow Piper,12/03/2018,17922.5695,147.4,4,26,70,158,292.587
Peter Jones,13/03/2018,23755.9333,14.62,10.59,5,131,143,940.054
Alan Peters,13/03/2018,23287.4254,25.77,88.73,17,58,112,801.435
Terrance O'Reilly,13/03/2018,26192.878,72.66,15,33,81,131,209.6615
Fabien Ortez,13/03/2018,6680.2523,0.02,68.1,20,80,16,252.4365
Julia Jones,13/03/2018,6937.4118,63.84,90,8,3,80,1182.423
Wal Watson,13/03/2018,4537.1273,88.17,25.52,18,74,61,515.027
Chris Buckets,13/03/2018,16426.625,150.25,45.96,29,28,78,916.2315
Horace Jones,13/03/2018,15074.0335,118.57,23,41,73,187,546.9835
Sally Maxwell,13/03/2018,3583.4327,30.5,30,17,23,98,575.462
Devin Cotchel,13/03/2018,11847.1479,29.86,21.18,11,40,76,759.7405
Andy Fredricks,13/03/2018,1525.824,94.44,75.75,2,132,187,781.492
Felix Cuppers,13/03/2018,730.9575,129.08,19.52,16,83,106,1179.234
Wilson Watson,13/03/2018,7357.9042,30.35,120.37,6,61,70,247.832
Rose Bowl,13/03/2018,4657.5957,51.42,46.86,25,89,114,1645.158
Trunk Cousins,13/03/2018,15978.1777,192,63,33,93,112,606.311
Sparrow Piper,13/03/2018,17806.5695,166.4,8,25,78,154,209.587
Peter Jones,15/03/2018,22089.9333,9.38,8.59,4,124,157,1045.054
Alan Peters,15/03/2018,23147.4254,20.77,98.73,23,65,121,719.435
Terrance O'Reilly,15/03/2018,27801.878,53.66,9,28,72,125,247.6615
Fabien Ortez,15/03/2018,5627.2523,1.02,70.1,23,94,16,227.4365
Julia Jones,15/03/2018,4835.4118,55.84,91,1,7,91,1101.423
Wal Watson,15/03/2018,3496.1273,76.17,41.52,20,58,62,462.027
Chris Buckets,15/03/2018,17565.625,167.25,57.96,29,15,84,757.2315
Horace Jones,15/03/2018,13607.0335,133.57,17,46,79,190,465.9835
Sally Maxwell,15/03/2018,5135.4327,31.5,35,15,12,99,491.462
Devin Cotchel,15/03/2018,15140.1479,64.86,22.18,6,38,73,741.7405
Andy Fredricks,15/03/2018,1422.176,106.44,79.75,4,129,195,825.492
Felix Cuppers,15/03/2018,1823.9575,128.08,4.52,21,86,98,1290.234
Wilson Watson,15/03/2018,8716.9042,14.35,114.37,1,61,75,447.832
Rose Bowl,15/03/2018,5192.5957,43.42,49.86,33,86,106,1501.158
Trunk Cousins,15/03/2018,12768.1777,182,57,40,95,115,443.311
Sparrow Piper,15/03/2018,17348.5695,152.4,0,28,79,144,82.587
Peter Jones,16/03/2018,21813.9333,14.38,0.41,4,130,159,1122.054
Alan Peters,16/03/2018,24772.4254,40.77,106.73,24,73,117,761.435
Terrance O'Reilly,16/03/2018,26838.878,48.66,2,26,64,124,137.6615
Fabien Ortez,16/03/2018,4884.2523,1.02,78.1,26,100,14,153.4365
Julia Jones,16/03/2018,3248.4118,43.84,100,5,4,97,977.423
Wal Watson,16/03/2018,5216.1273,84.17,32.52,17,59,57,409.027
Chris Buckets,16/03/2018,15916.625,177.25,48.96,25,21,84,754.2315
Horace Jones,16/03/2018,13917.0335,140.57,23,46,84,191,417.9835
Sally Maxwell,16/03/2018,6305.4327,30.5,33,15,6,103,454.462
Devin Cotchel,16/03/2018,15447.1479,69.86,17.18,9,34,70,787.7405
Andy Fredricks,16/03/2018,292.824,107.44,83.75,8,125,198,881.492
Felix Cuppers,16/03/2018,352.9575,130.08,5.52,19,80,97,1411.234
Wilson Watson,16/03/2018,7098.9042,31.35,109.37,1,55,69,486.832
Rose Bowl,16/03/2018,7089.5957,30.42,54.86,29,79,100,1453.158
Trunk Cousins,16/03/2018,11716.1777,181,58,43,101,115,450.311
Sparrow Piper,16/03/2018,15668.5695,141.4,2,27,72,145,143.587
Peter Jones,17/03/2018,20421.9333,1.62,5.41,0,131,153,1159.054
Alan Peters,17/03/2018,24616.4254,34.77,116.73,25,76,112,876.435
Terrance O'Reilly,17/03/2018,24928.878,35.66,2,30,69,127,233.6615
Fabien Ortez,17/03/2018,5851.2523,13.98,72.1,22,108,15,91.4365
Julia Jones,17/03/2018,4245.4118,60.84,107,7,5,101,964.423
Wal Watson,17/03/2018,4356.1273,99.17,24.52,15,53,56,433.027
Chris Buckets,17/03/2018,17136.625,162.25,46.96,23,18,80,646.2315
Horace Jones,17/03/2018,13882.0335,145.57,22,45,79,190,311.9835
Sally Maxwell,17/03/2018,7089.4327,27.5,26,19,2,108,479.462
Devin Cotchel,17/03/2018,15827.1479,56.86,7.18,12,42,74,828.7405
Andy Fredricks,17/03/2018,812.176,103.44,81.75,10,129,198,922.492
Felix Cuppers,17/03/2018,1073.9575,135.08,12.52,21,76,92,1340.234
Wilson Watson,17/03/2018,8475.9042,51.35,110.37,3,48,63,497.832
Rose Bowl,17/03/2018,5576.5957,46.42,59.86,32,80,98,1348.158
Trunk Cousins,17/03/2018,11244.1777,185,67,47,97,121,570.311
Sparrow Piper,17/03/2018,13771.5695,160.4,7,31,65,139,70.587
Peter Jones,19/03/2018,23310.9333,26.62,0.41,6,138,162,1004.054
Alan Peters,19/03/2018,24358.4254,49.77,107.73,21,65,112,821.435
Terrance O'Reilly,19/03/2018,23663.878,29.66,2,34,60,125,156.6615
Fabien Ortez,19/03/2018,7032.2523,7.98,74.1,16,111,18,184.4365
Julia Jones,19/03/2018,4090.4118,72.84,107,7,14,106,844.423
Wal Watson,19/03/2018,5259.1273,117.17,37.52,15,50,53,532.027
Chris Buckets,19/03/2018,16273.625,168.25,30.96,23,3,69,819.2315
Horace Jones,19/03/2018,13629.0335,153.57,17,42,75,182,163.9835
Sally Maxwell,19/03/2018,6602.4327,21.5,31,26,1,111,660.462
Devin Cotchel,19/03/2018,17832.1479,58.86,17.18,12,45,78,908.7405
Andy Fredricks,19/03/2018,1622.824,101.44,84.75,12,128,191,1011.492
Felix Cuppers,19/03/2018,1197.9575,134.08,21.52,20,70,97,1343.234
Wilson Watson,19/03/2018,6063.9042,84.35,107.37,7,44,52,490.832
Rose Bowl,19/03/2018,5876.5957,43.42,63.86,32,76,99,1403.158
Trunk Cousins,19/03/2018,14408.1777,154,53,41,86,130,620.311
Sparrow Piper,19/03/2018,12192.5695,163.4,6,28,71,144,228.587
Peter Jones,20/03/2018,23112.9333,25.62,1.59,7,130,162,1069.054
Alan Peters,20/03/2018,24537.4254,30.77,101.73,23,64,108,800.435
Terrance O'Reilly,20/03/2018,25390.878,19.66,2,30,66,129,147.6615
Fabien Ortez,20/03/2018,6735.2523,27.98,72.1,19,105,13,179.4365
Julia Jones,20/03/2018,2876.4118,87.84,98,9,19,105,979.423
Wal Watson,20/03/2018,4852.1273,124.17,44.52,13,45,58,652.027
Chris Buckets,20/03/2018,16473.625,177.25,30.96,25,10,69,791.2315
Horace Jones,20/03/2018,12783.0335,141.57,22,38,82,178,302.9835
Sally Maxwell,20/03/2018,5369.4327,19.5,33,30,2,110,626.462
Devin Cotchel,20/03/2018,19480.1479,75.86,9.18,11,41,72,1005.7405
Andy Fredricks,20/03/2018,2333.824,102.44,89.75,9,131,187,891.492
Felix Cuppers,20/03/2018,925.9575,143.08,20.52,21,72,94,1260.234
Wilson Watson,20/03/2018,5501.9042,69.35,110.37,3,41,59,543.832
Rose Bowl,20/03/2018,4836.5957,34.42,71.86,36,81,97,1542.158
Trunk Cousins,20/03/2018,13149.1777,151,58,44,83,129,542.311
Sparrow Piper,20/03/2018,14143.5695,167.4,13,30,66,141,178.587
PPeter Jones,22/03/2018,21540.9333,42.62,18.41,10,128,158,1310.054
Alan Peters,22/03/2018,23874.4254,20.77,89.73,29,78,107,801.435
Terrance O'Reilly,22/03/2018,21764.878,0.66,11,32,69,141,35.6615
Fabien Ortez,22/03/2018,5963.2523,29.98,72.1,23,110,25,90.4365
Julia Jones,22/03/2018,5290.4118,89.84,94,13,31,104,804.423
Wal Watson,22/03/2018,4775.1273,134.17,33.52,7,42,61,471.027
Chris Buckets,22/03/2018,16930.625,161.25,43.96,19,11,71,540.2315
Horace Jones,22/03/2018,11878.0335,144.57,15,40,80,179,552.9835
Sally Maxwell,22/03/2018,7235.4327,13.5,40,27,4,120,616.462
Devin Cotchel,22/03/2018,17312.1479,44.86,6.82,7,49,65,830.7405
Andy Fredricks,22/03/2018,1724.824,79.44,75.75,11,120,186,868.492
Felix Cuppers,22/03/2018,524.9575,140.08,22.52,21,66,90,1236.234
Wilson Watson,22/03/2018,7345.9042,82.35,106.37,10,35,56,568.832
Rose Bowl,22/03/2018,6899.5957,61.42,67.86,38,79,87,1716.158
Trunk Cousins,22/03/2018,16931.1777,151,69,46,85,128,635.311
Sparrow Piper,22/03/2018,13178.5695,173.4,16,30,63,145,40.413
Peter Jones,23/03/2018,21637.9333,46.62,15.41,7,131,157,1277.054
Alan Peters,23/03/2018,25278.4254,25.77,85.73,33,86,102,740.435
Terrance O'Reilly,23/03/2018,19770.878,12.34,3,31,77,143,69.6615
Fabien Ortez,23/03/2018,5306.2523,37.98,72.1,24,106,24,40.4365
Julia Jones,23/03/2018,7178.4118,88.84,87,13,33,100,703.423
Wal Watson,23/03/2018,4766.1273,125.17,42.52,3,49,57,457.027
Chris Buckets,23/03/2018,14930.625,179.25,34.96,20,3,69,610.2315
Horace Jones,23/03/2018,10594.0335,134.57,24,40,75,173,670.9835
Sally Maxwell,23/03/2018,6164.4327,2.5,47,31,10,127,594.462
Devin Cotchel,23/03/2018,17135.1479,30.86,14.82,8,46,70,818.7405
Andy Fredricks,23/03/2018,2861.824,95.44,75.75,15,113,185,727.492
Felix Cuppers,23/03/2018,952.9575,157.08,29.52,25,59,94,1247.234
Wilson Watson,23/03/2018,6628.9042,86.35,110.37,11,40,55,632.832
Rose Bowl,23/03/2018,7329.5957,41.42,60.86,41,76,84,1751.158
Trunk Cousins,23/03/2018,17720.1777,132,74,47,82,128,517.311
Sparrow Piper,23/03/2018,14006.5695,187.4,9,28,66,146,47.413
Peter Jones,24/03/2018,20433.9333,57.62,18.41,7,126,157,1386.054
Alan Peters,24/03/2018,24191.4254,39.77,87.73,29,85,104,851.435
Terrance O'Reilly,24/03/2018,17918.878,26.34,7,34,82,139,167.6615
Fabien Ortez,24/03/2018,5524.2523,19.98,72.1,20,108,20,106.5635
Julia Jones,24/03/2018,7477.4118,106.84,85,15,31,96,788.423
Wal Watson,24/03/2018,3454.1273,119.17,45.52,3,56,52,307.027
Chris Buckets,24/03/2018,14974.625,192.25,27.96,22,9,71,654.2315
Horace Jones,24/03/2018,10339.0335,145.57,17,44,71,180,520.9835
Sally Maxwell,24/03/2018,7545.4327,4.5,45,31,2,123,498.462
Devin Cotchel,24/03/2018,15665.1479,35.86,9.82,7,50,64,805.7405
Andy Fredricks,24/03/2018,2967.824,104.44,80.75,14,113,183,590.492
Felix Cuppers,24/03/2018,976.9575,149.08,36.52,27,61,90,1361.234
Wilson Watson,24/03/2018,4778.9042,72.35,113.37,10,39,60,609.832
Rose Bowl,24/03/2018,7766.5957,52.42,56.86,43,80,78,1645.158
Trunk Cousins,24/03/2018,18652.1777,148,67,51,88,135,645.311
Sparrow Piper,24/03/2018,15089.5695,174.4,16,28,68,153,88.413
Peter Jones,26/03/2018,21021.9333,64.62,9.41,11,126,160,1341.054
Alan Peters,26/03/2018,26391.4254,19.77,91.73,34,83,106,926.435
Terrance O'Reilly,26/03/2018,18374.878,31.34,17,39,84,133,83.6615
Fabien Ortez,26/03/2018,4388.2523,28.98,74.1,18,101,17,311.5635
Julia Jones,26/03/2018,4798.4118,103.84,71,19,30,97,874.423
Wal Watson,26/03/2018,3239.1273,133.17,44.52,4,55,49,446.027
Chris Buckets,26/03/2018,18444.625,184.25,22.96,24,13,75,828.2315
Horace Jones,26/03/2018,11560.0335,126.57,30,36,67,172,405.9835
Sally Maxwell,26/03/2018,7699.4327,11.5,39,30,1,119,501.462
Devin Cotchel,26/03/2018,16171.1479,25.86,23.82,1,52,63,721.7405
Andy Fredricks,26/03/2018,3402.824,101.44,91.75,17,111,191,610.492
Felix Cuppers,26/03/2018,2134.9575,135.08,28.52,27,68,90,1223.234
Wilson Watson,26/03/2018,3497.9042,73.35,114.37,10,52,70,860.832
Rose Bowl,26/03/2018,6679.5957,57.42,59.86,46,85,87,1610.158
Trunk Cousins,26/03/2018,15678.1777,150,58,45,80,131,870.311
Sparrow Piper,26/03/2018,13226.5695,168.4,21,30,62,160,118.413
Peter Jones,27/03/2018,21302.9333,55.62,1.41,13,129,160,1338.054
Alan Peters,27/03/2018,28255.4254,2.77,92.73,33,77,109,828.435
Terrance O'Reilly,27/03/2018,18148.878,33.34,19,43,92,133,225.6615
Fabien Ortez,27/03/2018,2828.2523,33.98,75.1,20,105,17,416.5635
Julia Jones,27/03/2018,4920.4118,92.84,77,21,31,92,934.423
Wal Watson,27/03/2018,4844.1273,130.17,51.52,8,47,46,563.027
Chris Buckets,27/03/2018,16915.625,193.25,12.96,20,10,80,800.2315
Horace Jones,27/03/2018,12289.0335,139.57,22,34,63,175,436.9835
Sally Maxwell,27/03/2018,9171.4327,4.5,29,27,4,117,453.462
Devin Cotchel,27/03/2018,17429.1479,7.86,20.82,4,59,70,571.7405
Andy Fredricks,27/03/2018,2335.824,84.44,94.75,20,109,186,464.492
Felix Cuppers,27/03/2018,3105.9575,121.08,22.52,31,61,91,1158.234
Wilson Watson,27/03/2018,5404.9042,92.35,115.37,13,44,64,817.832
Rose Bowl,27/03/2018,7959.5957,43.42,55.86,45,88,81,1704.158
Trunk Cousins,27/03/2018,17655.1777,166,49,41,85,137,903.311
Sparrow Piper,27/03/2018,11270.5695,159.4,25,27,55,154,177.413
Peter Jones,29/03/2018,18243.9333,70.62,3.59,12,120,161,1201.054
Alan Peters,29/03/2018,27998.4254,17.77,97.73,31,86,108,599.435
Terrance O'Reilly,29/03/2018,20554.878,63.34,13,45,105,130,276.6615
Fabien Ortez,29/03/2018,5176.2523,50.98,69.1,24,100,15,369.5635
Julia Jones,29/03/2018,3511.4118,99.84,89,26,32,106,991.423
Wal Watson,29/03/2018,2118.1273,115.17,56.52,11,55,36,562.027
Chris Buckets,29/03/2018,17986.625,189.25,6.96,18,11,79,676.2315
Horace Jones,29/03/2018,13476.0335,156.57,29,31,69,172,361.9835
Sally Maxwell,29/03/2018,10531.4327,10.5,36,23,13,128,392.462
Devin Cotchel,29/03/2018,17895.1479,12.86,21.82,0,50,75,667.7405
Andy Fredricks,29/03/2018,2865.824,110.44,90.75,18,107,188,571.492
Felix Cuppers,29/03/2018,5420.9575,126.08,23.52,33,47,87,1105.234
Wilson Watson,29/03/2018,4066.9042,77.35,111.37,16,46,74,803.832
Rose Bowl,29/03/2018,10939.5957,19.42,36.86,50,93,90,1777.158
Trunk Cousins,29/03/2018,15472.1777,180,62,43,86,140,862.311
Sparrow Piper,29/03/2018,9142.5695,146.4,19,32,53,149,92.413
Peter Jones,30/03/2018,18951.9333,84.62,13.59,14,118,164,1260.054
Alan Peters,30/03/2018,27767.4254,7.77,97.73,32,86,109,716.435
Terrance O'Reilly,30/03/2018,20574.878,57.34,18,49,101,129,225.6615
Fabien Ortez,30/03/2018,6870.2523,31.98,76.1,20,105,10,443.5635
Julia Jones,30/03/2018,1574.4118,82.84,80,27,29,108,947.423
Wal Watson,30/03/2018,894.1273,103.17,63.52,11,61,41,494.027
Chris Buckets,30/03/2018,17324.625,191.25,13.96,20,7,73,743.2315
Horace Jones,30/03/2018,14962.0335,170.57,35,35,65,179,308.9835
Sally Maxwell,30/03/2018,11453.4327,15.5,37,19,15,130,494.462
Devin Cotchel,30/03/2018,17052.1479,4.86,12.82,4,56,82,716.7405
Andy Fredricks,30/03/2018,3268.824,97.44,90.75,16,99,186,441.492
Felix Cuppers,30/03/2018,6894.9575,132.08,28.52,37,41,83,1018.234
Wilson Watson,30/03/2018,2345.9042,89.35,116.37,19,42,68,818.832
Rose Bowl,30/03/2018,9240.5957,24.42,35.86,47,93,93,1751.158
Trunk Cousins,30/03/2018,13531.1777,163,64,43,94,146,1002.311
Sparrow Piper,30/03/2018,10951.5695,166.4,19,29,46,152,46.587